DATAFLOW,LAST UPDATE,freq,unit,crops,agprdmet,geo,TIME_PERIOD,OBS_VALUE,OBS_FLAG
ESTAT:ORG_CROPAR(1.0),14/12/23 11:00:00,A,HA,ARA,TOTAL,DE,2017,483928,
ESTAT:ORG_CROPAR(1.0),14/12/23 11:00:00,A,HA,ARA,TOTAL,DE,2018,531168,e
ESTAT:ORG_CROPAR(1.0),14/12/23 11:00:00,A,HA,ARA,TOTAL,DE,2019,570108,e
ESTAT:ORG_CROPAR(1.0),14/12/23 11:00:00,A,HA,ARA,TOTAL,DE,2020,733215,e
ESTAT:ORG_CROPAR(1.0),14/12/23 11:00:00,A,HA,ARA,TOTAL,EL,2017,150178,
ESTAT:ORG_CROPAR(1.0),14/12/23 11:00:00,A,HA,ARA,TOTAL,EL,2018,156918,
ESTAT:ORG_CROPAR(1.0),14/12/23 11:00:00,A,HA,ARA,TOTAL,EL,2019,179003,
ESTAT:ORG_CROPAR(1.0),14/12/23 11:00:00,A,HA,ARA,TOTAL,EL,2020,172440,
ESTAT:ORG_CROPAR(1.0),14/12/23 11:00:00,A,HA,ARA,TOTAL,ES,2017,468331,
ESTAT:ORG_CROPAR(1.0),14/12/23 11:00:00,A,HA,ARA,TOTAL,ES,2018,487363,
ESTAT:ORG_CROPAR(1.0),14/12/23 11:00:00,A,HA,ARA,TOTAL,ES,2019,494213,
ESTAT:ORG_CROPAR(1.0),14/12/23 11:00:00,A,HA,ARA,TOTAL,ES,2020,502076,
ESTAT:ORG_CROPAR(1.0),14/12/23 11:00:00,A,HA,ARA,TOTAL,FR,2017,947014,
ESTAT:ORG_CROPAR(1.0),14/12/23 11:00:00,A,HA,ARA,TOTAL,FR,2018,1165235,
ESTAT:ORG_CROPAR(1.0),14/12/23 11:00:00,A,HA,ARA,TOTAL,FR,2019,1255369,
ESTAT:ORG_CROPAR(1.0),14/12/23 11:00:00,A,HA,ARA,TOTAL,FR,2020,1444503,e
ESTAT:ORG_CROPAR(1.0),14/12/23 11:00:00,A,HA,ARA,TOTAL,IT,2017,897625,
ESTAT:ORG_CROPAR(1.0),14/12/23 11:00:00,A,HA,ARA,TOTAL,IT,2018,946583,
ESTAT:ORG_CROPAR(1.0),14/12/23 11:00:00,A,HA,ARA,TOTAL,IT,2019,961692,
ESTAT:ORG_CROPAR(1.0),14/12/23 11:00:00,A,HA,ARA,TOTAL,IT,2020,1015517,
ESTAT:ORG_CROPAR(1.0),14/12/23 11:00:00,A,HA,ARA9,TOTAL,DE,2017,3167,
ESTAT:ORG_CROPAR(1.0),14/12/23 11:00:00,A,HA,ARA9,TOTAL,DE,2018,3208,e
ESTAT:ORG_CROPAR(1.0),14/12/23 11:00:00,A,HA,ARA9,TOTAL,DE,2019,3991,e
ESTAT:ORG_CROPAR(1.0),14/12/23 11:00:00,A,HA,ARA9,TOTAL,DE,2020,6249,e
ESTAT:ORG_CROPAR(1.0),14/12/23 11:00:00,A,HA,ARA9,TOTAL,EL,2017,2409,
ESTAT:ORG_CROPAR(1.0),14/12/23 11:00:00,A,HA,ARA9,TOTAL,EL,2018,2111,
ESTAT:ORG_CROPAR(1.0),14/12/23 11:00:00,A,HA,ARA9,TOTAL,EL,2019,2707,
ESTAT:ORG_CROPAR(1.0),14/12/23 11:00:00,A,HA,ARA9,TOTAL,EL,2020,3036,
ESTAT:ORG_CROPAR(1.0),14/12/23 11:00:00,A,HA,ARA9,TOTAL,ES,2017,1790,
ESTAT:ORG_CROPAR(1.0),14/12/23 11:00:00,A,HA,ARA9,TOTAL,ES,2018,1428,
ESTAT:ORG_CROPAR(1.0),14/12/23 11:00:00,A,HA,ARA9,TOTAL,ES,2019,1487,
ESTAT:ORG_CROPAR(1.0),14/12/23 11:00:00,A,HA,ARA9,TOTAL,ES,2020,1570,
ESTAT:ORG_CROPAR(1.0),14/12/23 11:00:00,A,HA,ARA9,TOTAL,FR,2017,32149,
ESTAT:ORG_CROPAR(1.0),14/12/23 11:00:00,A,HA,ARA9,TOTAL,FR,2018,54625,
ESTAT:ORG_CROPAR(1.0),14/12/23 11:00:00,A,HA,ARA9,TOTAL,FR,2019,44959,
ESTAT:ORG_CROPAR(1.0),14/12/23 11:00:00,A,HA,ARA9,TOTAL,FR,2020,25223,e
ESTAT:ORG_CROPAR(1.0),14/12/23 11:00:00,A,HA,ARA9,TOTAL,IT,2017,21185,
ESTAT:ORG_CROPAR(1.0),14/12/23 11:00:00,A,HA,ARA9,TOTAL,IT,2018,21330,
ESTAT:ORG_CROPAR(1.0),14/12/23 11:00:00,A,HA,ARA9,TOTAL,IT,2019,23460,
ESTAT:ORG_CROPAR(1.0),14/12/23 11:00:00,A,HA,ARA9,TOTAL,IT,2020,29473,
ESTAT:ORG_CROPAR(1.0),14/12/23 11:00:00,A,HA,C0000,TOTAL,DE,2017,241639,
ESTAT:ORG_CROPAR(1.0),14/12/23 11:00:00,A,HA,C0000,TOTAL,DE,2018,260293,e
ESTAT:ORG_CROPAR(1.0),14/12/23 11:00:00,A,HA,C0000,TOTAL,DE,2019,284258,e
ESTAT:ORG_CROPAR(1.0),14/12/23 11:00:00,A,HA,C0000,TOTAL,DE,2020,353555,e
ESTAT:ORG_CROPAR(1.0),14/12/23 11:00:00,A,HA,C0000,TOTAL,EL,2017,59090,
ESTAT:ORG_CROPAR(1.0),14/12/23 11:00:00,A,HA,C0000,TOTAL,EL,2018,47328,
ESTAT:ORG_CROPAR(1.0),14/12/23 11:00:00,A,HA,C0000,TOTAL,EL,2019,46493,
ESTAT:ORG_CROPAR(1.0),14/12/23 11:00:00,A,HA,C0000,TOTAL,EL,2020,38107,
ESTAT:ORG_CROPAR(1.0),14/12/23 11:00:00,A,HA,C0000,TOTAL,ES,2017,206119,
ESTAT:ORG_CROPAR(1.0),14/12/23 11:00:00,A,HA,C0000,TOTAL,ES,2018,204782,
ESTAT:ORG_CROPAR(1.0),14/12/23 11:00:00,A,HA,C0000,TOTAL,ES,2019,211757,
ESTAT:ORG_CROPAR(1.0),14/12/23 11:00:00,A,HA,C0000,TOTAL,ES,2020,216624,
ESTAT:ORG_CROPAR(1.0),14/12/23 11:00:00,A,HA,C0000,TOTAL,FR,2017,236267,
ESTAT:ORG_CROPAR(1.0),14/12/23 11:00:00,A,HA,C0000,TOTAL,FR,2018,310828,
ESTAT:ORG_CROPAR(1.0),14/12/23 11:00:00,A,HA,C0000,TOTAL,FR,2019,347618,
ESTAT:ORG_CROPAR(1.0),14/12/23 11:00:00,A,HA,C0000,TOTAL,FR,2020,371710,e
ESTAT:ORG_CROPAR(1.0),14/12/23 11:00:00,A,HA,C0000,TOTAL,IT,2017,305871,
ESTAT:ORG_CROPAR(1.0),14/12/23 11:00:00,A,HA,C0000,TOTAL,IT,2018,326083,
ESTAT:ORG_CROPAR(1.0),14/12/23 11:00:00,A,HA,C0000,TOTAL,IT,2019,330284,
ESTAT:ORG_CROPAR(1.0),14/12/23 11:00:00,A,HA,C0000,TOTAL,IT,2020,333563,
ESTAT:ORG_CROPAR(1.0),14/12/23 11:00:00,A,HA,C1000,TOTAL,DE,2017,241639,
ESTAT:ORG_CROPAR(1.0),14/12/23 11:00:00,A,HA,C1000,TOTAL,DE,2018,260293,e
ESTAT:ORG_CROPAR(1.0),14/12/23 11:00:00,A,HA,C1000,TOTAL,DE,2019,284258,e
ESTAT:ORG_CROPAR(1.0),14/12/23 11:00:00,A,HA,C1000,TOTAL,DE,2020,353555,e
ESTAT:ORG_CROPAR(1.0),14/12/23 11:00:00,A,HA,C1000,TOTAL,EL,2017,57573,
ESTAT:ORG_CROPAR(1.0),14/12/23 11:00:00,A,HA,C1000,TOTAL,EL,2018,45582,
ESTAT:ORG_CROPAR(1.0),14/12/23 11:00:00,A,HA,C1000,TOTAL,EL,2019,44749,
ESTAT:ORG_CROPAR(1.0),14/12/23 11:00:00,A,HA,C1000,TOTAL,EL,2020,36420,
ESTAT:ORG_CROPAR(1.0),14/12/23 11:00:00,A,HA,C1000,TOTAL,ES,2017,204468,
ESTAT:ORG_CROPAR(1.0),14/12/23 11:00:00,A,HA,C1000,TOTAL,ES,2018,203423,
ESTAT:ORG_CROPAR(1.0),14/12/23 11:00:00,A,HA,C1000,TOTAL,ES,2019,210398,
ESTAT:ORG_CROPAR(1.0),14/12/23 11:00:00,A,HA,C1000,TOTAL,ES,2020,215147,
ESTAT:ORG_CROPAR(1.0),14/12/23 11:00:00,A,HA,C1000,TOTAL,FR,2017,233650,
ESTAT:ORG_CROPAR(1.0),14/12/23 11:00:00,A,HA,C1000,TOTAL,FR,2018,308296,
ESTAT:ORG_CROPAR(1.0),14/12/23 11:00:00,A,HA,C1000,TOTAL,FR,2019,344714,
ESTAT:ORG_CROPAR(1.0),14/12/23 11:00:00,A,HA,C1000,TOTAL,FR,2020,368611,e
ESTAT:ORG_CROPAR(1.0),14/12/23 11:00:00,A,HA,C1000,TOTAL,IT,2017,290464,
ESTAT:ORG_CROPAR(1.0),14/12/23 11:00:00,A,HA,C1000,TOTAL,IT,2018,308250,
ESTAT:ORG_CROPAR(1.0),14/12/23 11:00:00,A,HA,C1000,TOTAL,IT,2019,310297,
ESTAT:ORG_CROPAR(1.0),14/12/23 11:00:00,A,HA,C1000,TOTAL,IT,2020,316544,
ESTAT:ORG_CROPAR(1.0),14/12/23 11:00:00,A,HA,C1100,TOTAL,DE,2017,82509,
ESTAT:ORG_CROPAR(1.0),14/12/23 11:00:00,A,HA,C1100,TOTAL,DE,2018,88679,e
ESTAT:ORG_CROPAR(1.0),14/12/23 11:00:00,A,HA,C1100,TOTAL,DE,2019,96878,e
ESTAT:ORG_CROPAR(1.0),14/12/23 11:00:00,A,HA,C1100,TOTAL,DE,2020,127946,e
ESTAT:ORG_CROPAR(1.0),14/12/23 11:00:00,A,HA,C1100,TOTAL,EL,2017,26980,
ESTAT:ORG_CROPAR(1.0),14/12/23 11:00:00,A,HA,C1100,TOTAL,EL,2018,18247,
ESTAT:ORG_CROPAR(1.0),14/12/23 11:00:00,A,HA,C1100,TOTAL,EL,2019,16610,
ESTAT:ORG_CROPAR(1.0),14/12/23 11:00:00,A,HA,C1100,TOTAL,EL,2020,11549,
ESTAT:ORG_CROPAR(1.0),14/12/23 11:00:00,A,HA,C1100,TOTAL,ES,2017,46077,
ESTAT:ORG_CROPAR(1.0),14/12/23 11:00:00,A,HA,C1100,TOTAL,ES,2018,47268,
ESTAT:ORG_CROPAR(1.0),14/12/23 11:00:00,A,HA,C1100,TOTAL,ES,2019,46760,
ESTAT:ORG_CROPAR(1.0),14/12/23 11:00:00,A,HA,C1100,TOTAL,ES,2020,47670,
ESTAT:ORG_CROPAR(1.0),14/12/23 11:00:00,A,HA,C1100,TOTAL,FR,2017,95243,
ESTAT:ORG_CROPAR(1.0),14/12/23 11:00:00,A,HA,C1100,TOTAL,FR,2018,133994,
ESTAT:ORG_CROPAR(1.0),14/12/23 11:00:00,A,HA,C1100,TOTAL,FR,2019,148210,
ESTAT:ORG_CROPAR(1.0),14/12/23 11:00:00,A,HA,C1100,TOTAL,FR,2020,152265,e
ESTAT:ORG_CROPAR(1.0),14/12/23 11:00:00,A,HA,C1100,TOTAL,IT,2017,179964,
ESTAT:ORG_CROPAR(1.0),14/12/23 11:00:00,A,HA,C1100,TOTAL,IT,2018,195053,
ESTAT:ORG_CROPAR(1.0),14/12/23 11:00:00,A,HA,C1100,TOTAL,IT,2019,198962,
ESTAT:ORG_CROPAR(1.0),14/12/23 11:00:00,A,HA,C1100,TOTAL,IT,2020,205018,
ESTAT:ORG_CROPAR(1.0),14/12/23 11:00:00,A,HA,C1110,TOTAL,DE,2017,81930,
ESTAT:ORG_CROPAR(1.0),14/12/23 11:00:00,A,HA,C1110,TOTAL,DE,2018,88155,e
ESTAT:ORG_CROPAR(1.0),14/12/23 11:00:00,A,HA,C1110,TOTAL,DE,2019,95838,e
ESTAT:ORG_CROPAR(1.0),14/12/23 11:00:00,A,HA,C1110,TOTAL,DE,2020,126259,e
ESTAT:ORG_CROPAR(1.0),14/12/23 11:00:00,A,HA,C1110,TOTAL,EL,2017,8467,
ESTAT:ORG_CROPAR(1.0),14/12/23 11:00:00,A,HA,C1110,TOTAL,EL,2018,6414,
ESTAT:ORG_CROPAR(1.0),14/12/23 11:00:00,A,HA,C1110,TOTAL,EL,2019,6335,
ESTAT:ORG_CROPAR(1.0),14/12/23 11:00:00,A,HA,C1110,TOTAL,EL,2020,4755,
ESTAT:ORG_CROPAR(1.0),14/12/23 11:00:00,A,HA,C1110,TOTAL,ES,2017,31502,
ESTAT:ORG_CROPAR(1.0),14/12/23 11:00:00,A,HA,C1110,TOTAL,ES,2018,33067,
ESTAT:ORG_CROPAR(1.0),14/12/23 11:00:00,A,HA,C1110,TOTAL,ES,2019,34757,
ESTAT:ORG_CROPAR(1.0),14/12/23 11:00:00,A,HA,C1110,TOTAL,ES,2020,35368,
ESTAT:ORG_CROPAR(1.0),14/12/23 11:00:00,A,HA,C1110,TOTAL,FR,2017,90341,
ESTAT:ORG_CROPAR(1.0),14/12/23 11:00:00,A,HA,C1110,TOTAL,FR,2018,123778,
ESTAT:ORG_CROPAR(1.0),14/12/23 11:00:00,A,HA,C1110,TOTAL,FR,2019,142663,
ESTAT:ORG_CROPAR(1.0),14/12/23 11:00:00,A,HA,C1110,TOTAL,FR,2020,146333,e
ESTAT:ORG_CROPAR(1.0),14/12/23 11:00:00,A,HA,C1110,TOTAL,IT,2017,52026,
ESTAT:ORG_CROPAR(1.0),14/12/23 11:00:00,A,HA,C1110,TOTAL,IT,2018,62535,
ESTAT:ORG_CROPAR(1.0),14/12/23 11:00:00,A,HA,C1110,TOTAL,IT,2019,57833,
ESTAT:ORG_CROPAR(1.0),14/12/23 11:00:00,A,HA,C1110,TOTAL,IT,2020,51926,
ESTAT:ORG_CROPAR(1.0),14/12/23 11:00:00,A,HA,C1120,TOTAL,DE,2017,579,
ESTAT:ORG_CROPAR(1.0),14/12/23 11:00:00,A,HA,C1120,TOTAL,DE,2018,524,e
ESTAT:ORG_CROPAR(1.0),14/12/23 11:00:00,A,HA,C1120,TOTAL,DE,2019,1040,e
ESTAT:ORG_CROPAR(1.0),14/12/23 11:00:00,A,HA,C1120,TOTAL,DE,2020,1687,e
ESTAT:ORG_CROPAR(1.0),14/12/23 11:00:00,A,HA,C1120,TOTAL,EL,2017,18512,
ESTAT:ORG_CROPAR(1.0),14/12/23 11:00:00,A,HA,C1120,TOTAL,EL,2018,11833,
ESTAT:ORG_CROPAR(1.0),14/12/23 11:00:00,A,HA,C1120,TOTAL,EL,2019,10275,
ESTAT:ORG_CROPAR(1.0),14/12/23 11:00:00,A,HA,C1120,TOTAL,EL,2020,6794,
ESTAT:ORG_CROPAR(1.0),14/12/23 11:00:00,A,HA,C1120,TOTAL,ES,2017,14575,
ESTAT:ORG_CROPAR(1.0),14/12/23 11:00:00,A,HA,C1120,TOTAL,ES,2018,14201,
ESTAT:ORG_CROPAR(1.0),14/12/23 11:00:00,A,HA,C1120,TOTAL,ES,2019,12003,
ESTAT:ORG_CROPAR(1.0),14/12/23 11:00:00,A,HA,C1120,TOTAL,ES,2020,12302,
ESTAT:ORG_CROPAR(1.0),14/12/23 11:00:00,A,HA,C1120,TOTAL,FR,2017,4902,
ESTAT:ORG_CROPAR(1.0),14/12/23 11:00:00,A,HA,C1120,TOTAL,FR,2018,10215,
ESTAT:ORG_CROPAR(1.0),14/12/23 11:00:00,A,HA,C1120,TOTAL,FR,2019,5547,
ESTAT:ORG_CROPAR(1.0),14/12/23 11:00:00,A,HA,C1120,TOTAL,FR,2020,5932,e
ESTAT:ORG_CROPAR(1.0),14/12/23 11:00:00,A,HA,C1120,TOTAL,IT,2017,127938,
ESTAT:ORG_CROPAR(1.0),14/12/23 11:00:00,A,HA,C1120,TOTAL,IT,2018,132519,
ESTAT:ORG_CROPAR(1.0),14/12/23 11:00:00,A,HA,C1120,TOTAL,IT,2019,141129,
ESTAT:ORG_CROPAR(1.0),14/12/23 11:00:00,A,HA,C1120,TOTAL,IT,2020,153091,
ESTAT:ORG_CROPAR(1.0),14/12/23 11:00:00,A,HA,C1200,TOTAL,DE,2017,49998,
ESTAT:ORG_CROPAR(1.0),14/12/23 11:00:00,A,HA,C1200,TOTAL,DE,2018,52580,e
ESTAT:ORG_CROPAR(1.0),14/12/23 11:00:00,A,HA,C1200,TOTAL,DE,2019,66586,e
ESTAT:ORG_CROPAR(1.0),14/12/23 11:00:00,A,HA,C1200,TOTAL,DE,2020,64708,e
ESTAT:ORG_CROPAR(1.0),14/12/23 11:00:00,A,HA,C1200,TOTAL,EL,2017,1426,
ESTAT:ORG_CROPAR(1.0),14/12/23 11:00:00,A,HA,C1200,TOTAL,EL,2018,779,
ESTAT:ORG_CROPAR(1.0),14/12/23 11:00:00,A,HA,C1200,TOTAL,EL,2019,558,
ESTAT:ORG_CROPAR(1.0),14/12/23 11:00:00,A,HA,C1200,TOTAL,EL,2020,376,
ESTAT:ORG_CROPAR(1.0),14/12/23 11:00:00,A,HA,C1200,TOTAL,ES,2017,7716,
ESTAT:ORG_CROPAR(1.0),14/12/23 11:00:00,A,HA,C1200,TOTAL,ES,2018,7623,
ESTAT:ORG_CROPAR(1.0),14/12/23 11:00:00,A,HA,C1200,TOTAL,ES,2019,8098,
ESTAT:ORG_CROPAR(1.0),14/12/23 11:00:00,A,HA,C1200,TOTAL,ES,2020,8329,
ESTAT:ORG_CROPAR(1.0),14/12/23 11:00:00,A,HA,C1200,TOTAL,FR,2017,5758,
ESTAT:ORG_CROPAR(1.0),14/12/23 11:00:00,A,HA,C1200,TOTAL,FR,2018,6390,
ESTAT:ORG_CROPAR(1.0),14/12/23 11:00:00,A,HA,C1200,TOTAL,FR,2019,6555,
ESTAT:ORG_CROPAR(1.0),14/12/23 11:00:00,A,HA,C1200,TOTAL,FR,2020,6697,e
ESTAT:ORG_CROPAR(1.0),14/12/23 11:00:00,A,HA,C1200,TOTAL,IT,2017,393,
ESTAT:ORG_CROPAR(1.0),14/12/23 11:00:00,A,HA,C1200,TOTAL,IT,2018,352,
ESTAT:ORG_CROPAR(1.0),14/12/23 11:00:00,A,HA,C1200,TOTAL,IT,2019,400,
ESTAT:ORG_CROPAR(1.0),14/12/23 11:00:00,A,HA,C1200,TOTAL,IT,2020,365,
ESTAT:ORG_CROPAR(1.0),14/12/23 11:00:00,A,HA,C1300,TOTAL,DE,2017,27988,
ESTAT:ORG_CROPAR(1.0),14/12/23 11:00:00,A,HA,C1300,TOTAL,DE,2018,34773,e
ESTAT:ORG_CROPAR(1.0),14/12/23 11:00:00,A,HA,C1300,TOTAL,DE,2019,37500,e
ESTAT:ORG_CROPAR(1.0),14/12/23 11:00:00,A,HA,C1300,TOTAL,DE,2020,46456,e
ESTAT:ORG_CROPAR(1.0),14/12/23 11:00:00,A,HA,C1300,TOTAL,EL,2017,9413,
ESTAT:ORG_CROPAR(1.0),14/12/23 11:00:00,A,HA,C1300,TOTAL,EL,2018,8366,
ESTAT:ORG_CROPAR(1.0),14/12/23 11:00:00,A,HA,C1300,TOTAL,EL,2019,8338,
ESTAT:ORG_CROPAR(1.0),14/12/23 11:00:00,A,HA,C1300,TOTAL,EL,2020,6852,
ESTAT:ORG_CROPAR(1.0),14/12/23 11:00:00,A,HA,C1300,TOTAL,ES,2017,66197,
ESTAT:ORG_CROPAR(1.0),14/12/23 11:00:00,A,HA,C1300,TOTAL,ES,2018,67441,
ESTAT:ORG_CROPAR(1.0),14/12/23 11:00:00,A,HA,C1300,TOTAL,ES,2019,73607,
ESTAT:ORG_CROPAR(1.0),14/12/23 11:00:00,A,HA,C1300,TOTAL,ES,2020,75843,
ESTAT:ORG_CROPAR(1.0),14/12/23 11:00:00,A,HA,C1300,TOTAL,FR,2017,29410,
ESTAT:ORG_CROPAR(1.0),14/12/23 11:00:00,A,HA,C1300,TOTAL,FR,2018,40431,
ESTAT:ORG_CROPAR(1.0),14/12/23 11:00:00,A,HA,C1300,TOTAL,FR,2019,48742,
ESTAT:ORG_CROPAR(1.0),14/12/23 11:00:00,A,HA,C1300,TOTAL,FR,2020,56784,e
ESTAT:ORG_CROPAR(1.0),14/12/23 11:00:00,A,HA,C1300,TOTAL,IT,2017,39657,
ESTAT:ORG_CROPAR(1.0),14/12/23 11:00:00,A,HA,C1300,TOTAL,IT,2018,44062,
ESTAT:ORG_CROPAR(1.0),14/12/23 11:00:00,A,HA,C1300,TOTAL,IT,2019,45413,
ESTAT:ORG_CROPAR(1.0),14/12/23 11:00:00,A,HA,C1300,TOTAL,IT,2020,42178,
ESTAT:ORG_CROPAR(1.0),14/12/23 11:00:00,A,HA,C1400,TOTAL,DE,2017,34612,
ESTAT:ORG_CROPAR(1.0),14/12/23 11:00:00,A,HA,C1400,TOTAL,DE,2018,36190,e
ESTAT:ORG_CROPAR(1.0),14/12/23 11:00:00,A,HA,C1400,TOTAL,DE,2019,35466,e
ESTAT:ORG_CROPAR(1.0),14/12/23 11:00:00,A,HA,C1400,TOTAL,DE,2020,57835,e
ESTAT:ORG_CROPAR(1.0),14/12/23 11:00:00,A,HA,C1400,TOTAL,EL,2017,8420,
ESTAT:ORG_CROPAR(1.0),14/12/23 11:00:00,A,HA,C1400,TOTAL,EL,2018,7335,
ESTAT:ORG_CROPAR(1.0),14/12/23 11:00:00,A,HA,C1400,TOTAL,EL,2019,6575,
ESTAT:ORG_CROPAR(1.0),14/12/23 11:00:00,A,HA,C1400,TOTAL,EL,2020,5758,
ESTAT:ORG_CROPAR(1.0),14/12/23 11:00:00,A,HA,C1400,TOTAL,ES,2017,57597,
ESTAT:ORG_CROPAR(1.0),14/12/23 11:00:00,A,HA,C1400,TOTAL,ES,2018,56089,
ESTAT:ORG_CROPAR(1.0),14/12/23 11:00:00,A,HA,C1400,TOTAL,ES,2019,54037,
ESTAT:ORG_CROPAR(1.0),14/12/23 11:00:00,A,HA,C1400,TOTAL,ES,2020,56267,
ESTAT:ORG_CROPAR(1.0),14/12/23 11:00:00,A,HA,C1400,TOTAL,FR,2017,13210,
ESTAT:ORG_CROPAR(1.0),14/12/23 11:00:00,A,HA,C1400,TOTAL,FR,2018,13960,
ESTAT:ORG_CROPAR(1.0),14/12/23 11:00:00,A,HA,C1400,TOTAL,FR,2019,16026,
ESTAT:ORG_CROPAR(1.0),14/12/23 11:00:00,A,HA,C1400,TOTAL,FR,2020,17885,e
ESTAT:ORG_CROPAR(1.0),14/12/23 11:00:00,A,HA,C1400,TOTAL,IT,2017,21571,
ESTAT:ORG_CROPAR(1.0),14/12/23 11:00:00,A,HA,C1400,TOTAL,IT,2018,22880,
ESTAT:ORG_CROPAR(1.0),14/12/23 11:00:00,A,HA,C1400,TOTAL,IT,2019,23753,
ESTAT:ORG_CROPAR(1.0),14/12/23 11:00:00,A,HA,C1400,TOTAL,IT,2020,22909,
ESTAT:ORG_CROPAR(1.0),14/12/23 11:00:00,A,HA,C1500,TOTAL,DE,2017,10958,
ESTAT:ORG_CROPAR(1.0),14/12/23 11:00:00,A,HA,C1500,TOTAL,DE,2018,13472,e
ESTAT:ORG_CROPAR(1.0),14/12/23 11:00:00,A,HA,C1500,TOTAL,DE,2019,14873,e
ESTAT:ORG_CROPAR(1.0),14/12/23 11:00:00,A,HA,C1500,TOTAL,DE,2020,20448,e
ESTAT:ORG_CROPAR(1.0),14/12/23 11:00:00,A,HA,C1500,TOTAL,EL,2017,7334,
ESTAT:ORG_CROPAR(1.0),14/12/23 11:00:00,A,HA,C1500,TOTAL,EL,2018,8004,
ESTAT:ORG_CROPAR(1.0),14/12/23 11:00:00,A,HA,C1500,TOTAL,EL,2019,9897,
ESTAT:ORG_CROPAR(1.0),14/12/23 11:00:00,A,HA,C1500,TOTAL,EL,2020,9761,
ESTAT:ORG_CROPAR(1.0),14/12/23 11:00:00,A,HA,C1500,TOTAL,ES,2017,482,
ESTAT:ORG_CROPAR(1.0),14/12/23 11:00:00,A,HA,C1500,TOTAL,ES,2018,676,
ESTAT:ORG_CROPAR(1.0),14/12/23 11:00:00,A,HA,C1500,TOTAL,ES,2019,908,
ESTAT:ORG_CROPAR(1.0),14/12/23 11:00:00,A,HA,C1500,TOTAL,ES,2020,1075,
ESTAT:ORG_CROPAR(1.0),14/12/23 11:00:00,A,HA,C1500,TOTAL,FR,2017,33044,
ESTAT:ORG_CROPAR(1.0),14/12/23 11:00:00,A,HA,C1500,TOTAL,FR,2018,50559,
ESTAT:ORG_CROPAR(1.0),14/12/23 11:00:00,A,HA,C1500,TOTAL,FR,2019,59327,
ESTAT:ORG_CROPAR(1.0),14/12/23 11:00:00,A,HA,C1500,TOTAL,FR,2020,65738,e
ESTAT:ORG_CROPAR(1.0),14/12/23 11:00:00,A,HA,C1500,TOTAL,IT,2017,15390,
ESTAT:ORG_CROPAR(1.0),14/12/23 11:00:00,A,HA,C1500,TOTAL,IT,2018,18278,
ESTAT:ORG_CROPAR(1.0),14/12/23 11:00:00,A,HA,C1500,TOTAL,IT,2019,18909,
ESTAT:ORG_CROPAR(1.0),14/12/23 11:00:00,A,HA,C1500,TOTAL,IT,2020,15738,
ESTAT:ORG_CROPAR(1.0),14/12/23 11:00:00,A,HA,C1600_1700_1900,TOTAL,DE,2017,35574,
ESTAT:ORG_CROPAR(1.0),14/12/23 11:00:00,A,HA,C1600_1700_1900,TOTAL,DE,2018,34599,e
ESTAT:ORG_CROPAR(1.0),14/12/23 11:00:00,A,HA,C1600_1700_1900,TOTAL,DE,2019,32955,e
ESTAT:ORG_CROPAR(1.0),14/12/23 11:00:00,A,HA,C1600_1700_1900,TOTAL,DE,2020,36163,e
ESTAT:ORG_CROPAR(1.0),14/12/23 11:00:00,A,HA,C1600_1700_1900,TOTAL,EL,2017,4001,
ESTAT:ORG_CROPAR(1.0),14/12/23 11:00:00,A,HA,C1600_1700_1900,TOTAL,EL,2018,2851,
ESTAT:ORG_CROPAR(1.0),14/12/23 11:00:00,A,HA,C1600_1700_1900,TOTAL,EL,2019,2772,
ESTAT:ORG_CROPAR(1.0),14/12/23 11:00:00,A,HA,C1600_1700_1900,TOTAL,EL,2020,2124,
ESTAT:ORG_CROPAR(1.0),14/12/23 11:00:00,A,HA,C1600_1700_1900,TOTAL,ES,2017,26400,
ESTAT:ORG_CROPAR(1.0),14/12/23 11:00:00,A,HA,C1600_1700_1900,TOTAL,ES,2018,24326,
ESTAT:ORG_CROPAR(1.0),14/12/23 11:00:00,A,HA,C1600_1700_1900,TOTAL,ES,2019,26988,
ESTAT:ORG_CROPAR(1.0),14/12/23 11:00:00,A,HA,C1600_1700_1900,TOTAL,ES,2020,25964,
ESTAT:ORG_CROPAR(1.0),14/12/23 11:00:00,A,HA,C1600_1700_1900,TOTAL,FR,2017,56985,
ESTAT:ORG_CROPAR(1.0),14/12/23 11:00:00,A,HA,C1600_1700_1900,TOTAL,FR,2018,62962,
ESTAT:ORG_CROPAR(1.0),14/12/23 11:00:00,A,HA,C1600_1700_1900,TOTAL,FR,2019,65853,
ESTAT:ORG_CROPAR(1.0),14/12/23 11:00:00,A,HA,C1600_1700_1900,TOTAL,FR,2020,69242,e
ESTAT:ORG_CROPAR(1.0),14/12/23 11:00:00,A,HA,C1600_1700_1900,TOTAL,IT,2017,33489,
ESTAT:ORG_CROPAR(1.0),14/12/23 11:00:00,A,HA,C1600_1700_1900,TOTAL,IT,2018,27624,
ESTAT:ORG_CROPAR(1.0),14/12/23 11:00:00,A,HA,C1600_1700_1900,TOTAL,IT,2019,22859,
ESTAT:ORG_CROPAR(1.0),14/12/23 11:00:00,A,HA,C1600_1700_1900,TOTAL,IT,2020,30336,
ESTAT:ORG_CROPAR(1.0),14/12/23 11:00:00,A,HA,C2000,TOTAL,DE,2017,,n
ESTAT:ORG_CROPAR(1.0),14/12/23 11:00:00,A,HA,C2000,TOTAL,DE,2018,0,e
ESTAT:ORG_CROPAR(1.0),14/12/23 11:00:00,A,HA,C2000,TOTAL,EL,2017,1517,
ESTAT:ORG_CROPAR(1.0),14/12/23 11:00:00,A,HA,C2000,TOTAL,EL,2018,1745,
ESTAT:ORG_CROPAR(1.0),14/12/23 11:00:00,A,HA,C2000,TOTAL,EL,2019,1744,
ESTAT:ORG_CROPAR(1.0),14/12/23 11:00:00,A,HA,C2000,TOTAL,EL,2020,1688,
ESTAT:ORG_CROPAR(1.0),14/12/23 11:00:00,A,HA,C2000,TOTAL,ES,2017,1651,
ESTAT:ORG_CROPAR(1.0),14/12/23 11:00:00,A,HA,C2000,TOTAL,ES,2018,1360,
ESTAT:ORG_CROPAR(1.0),14/12/23 11:00:00,A,HA,C2000,TOTAL,ES,2019,1359,
ESTAT:ORG_CROPAR(1.0),14/12/23 11:00:00,A,HA,C2000,TOTAL,ES,2020,1477,
ESTAT:ORG_CROPAR(1.0),14/12/23 11:00:00,A,HA,C2000,TOTAL,FR,2017,2617,
ESTAT:ORG_CROPAR(1.0),14/12/23 11:00:00,A,HA,C2000,TOTAL,FR,2018,2531,
ESTAT:ORG_CROPAR(1.0),14/12/23 11:00:00,A,HA,C2000,TOTAL,FR,2019,2904,
ESTAT:ORG_CROPAR(1.0),14/12/23 11:00:00,A,HA,C2000,TOTAL,FR,2020,3099,e
ESTAT:ORG_CROPAR(1.0),14/12/23 11:00:00,A,HA,C2000,TOTAL,IT,2017,15407,
ESTAT:ORG_CROPAR(1.0),14/12/23 11:00:00,A,HA,C2000,TOTAL,IT,2018,17832,
ESTAT:ORG_CROPAR(1.0),14/12/23 11:00:00,A,HA,C2000,TOTAL,IT,2019,19988,
ESTAT:ORG_CROPAR(1.0),14/12/23 11:00:00,A,HA,C2000,TOTAL,IT,2020,17020,
ESTAT:ORG_CROPAR(1.0),14/12/23 11:00:00,A,HA,F0000,TOTAL,DE,2017,10244,
ESTAT:ORG_CROPAR(1.0),14/12/23 11:00:00,A,HA,F0000,TOTAL,DE,2018,11663,e
ESTAT:ORG_CROPAR(1.0),14/12/23 11:00:00,A,HA,F0000,TOTAL,DE,2019,12227,e
ESTAT:ORG_CROPAR(1.0),14/12/23 11:00:00,A,HA,F0000,TOTAL,DE,2020,12957,e
ESTAT:ORG_CROPAR(1.0),14/12/23 11:00:00,A,HA,F0000,TOTAL,EL,2017,2625,
ESTAT:ORG_CROPAR(1.0),14/12/23 11:00:00,A,HA,F0000,TOTAL,EL,2018,2882,
ESTAT:ORG_CROPAR(1.0),14/12/23 11:00:00,A,HA,F0000,TOTAL,EL,2019,4986,
ESTAT:ORG_CROPAR(1.0),14/12/23 11:00:00,A,HA,F0000,TOTAL,EL,2020,3961,
ESTAT:ORG_CROPAR(1.0),14/12/23 11:00:00,A,HA,F0000,TOTAL,ES,2017,157856,
ESTAT:ORG_CROPAR(1.0),14/12/23 11:00:00,A,HA,F0000,TOTAL,ES,2018,181708,
ESTAT:ORG_CROPAR(1.0),14/12/23 11:00:00,A,HA,F0000,TOTAL,ES,2019,185672,
ESTAT:ORG_CROPAR(1.0),14/12/23 11:00:00,A,HA,F0000,TOTAL,ES,2020,214266,
ESTAT:ORG_CROPAR(1.0),14/12/23 11:00:00,A,HA,F0000,TOTAL,FR,2017,29543,
ESTAT:ORG_CROPAR(1.0),14/12/23 11:00:00,A,HA,F0000,TOTAL,FR,2018,35949,
ESTAT:ORG_CROPAR(1.0),14/12/23 11:00:00,A,HA,F0000,TOTAL,FR,2019,39441,
ESTAT:ORG_CROPAR(1.0),14/12/23 11:00:00,A,HA,F0000,TOTAL,FR,2020,43090,e
ESTAT:ORG_CROPAR(1.0),14/12/23 11:00:00,A,HA,F0000,TOTAL,IT,2017,81213,
ESTAT:ORG_CROPAR(1.0),14/12/23 11:00:00,A,HA,F0000,TOTAL,IT,2018,87160,
ESTAT:ORG_CROPAR(1.0),14/12/23 11:00:00,A,HA,F0000,TOTAL,IT,2019,87687,
ESTAT:ORG_CROPAR(1.0),14/12/23 11:00:00,A,HA,F0000,TOTAL,IT,2020,92217,
ESTAT:ORG_CROPAR(1.0),14/12/23 11:00:00,A,HA,F1000,TOTAL,DE,2017,7514,
ESTAT:ORG_CROPAR(1.0),14/12/23 11:00:00,A,HA,F1000,TOTAL,DE,2018,8406,e
ESTAT:ORG_CROPAR(1.0),14/12/23 11:00:00,A,HA,F1000,TOTAL,DE,2019,8844,e
ESTAT:ORG_CROPAR(1.0),14/12/23 11:00:00,A,HA,F1000,TOTAL,DE,2020,9409,e
ESTAT:ORG_CROPAR(1.0),14/12/23 11:00:00,A,HA,F1000,TOTAL,EL,2017,874,
ESTAT:ORG_CROPAR(1.0),14/12/23 11:00:00,A,HA,F1000,TOTAL,EL,2018,824,
ESTAT:ORG_CROPAR(1.0),14/12/23 11:00:00,A,HA,F1000,TOTAL,EL,2019,2013,
ESTAT:ORG_CROPAR(1.0),14/12/23 11:00:00,A,HA,F1000,TOTAL,EL,2020,1245,
ESTAT:ORG_CROPAR(1.0),14/12/23 11:00:00,A,HA,F1000,TOTAL,ES,2017,6189,
ESTAT:ORG_CROPAR(1.0),14/12/23 11:00:00,A,HA,F1000,TOTAL,ES,2018,7326,
ESTAT:ORG_CROPAR(1.0),14/12/23 11:00:00,A,HA,F1000,TOTAL,ES,2019,7979,
ESTAT:ORG_CROPAR(1.0),14/12/23 11:00:00,A,HA,F1000,TOTAL,ES,2020,8745,
ESTAT:ORG_CROPAR(1.0),14/12/23 11:00:00,A,HA,F1000,TOTAL,FR,2017,16707,
ESTAT:ORG_CROPAR(1.0),14/12/23 11:00:00,A,HA,F1000,TOTAL,FR,2018,21388,
ESTAT:ORG_CROPAR(1.0),14/12/23 11:00:00,A,HA,F1000,TOTAL,FR,2019,23450,
ESTAT:ORG_CROPAR(1.0),14/12/23 11:00:00,A,HA,F1000,TOTAL,FR,2020,23530,e
ESTAT:ORG_CROPAR(1.0),14/12/23 11:00:00,A,HA,F1000,TOTAL,IT,2017,24827,
ESTAT:ORG_CROPAR(1.0),14/12/23 11:00:00,A,HA,F1000,TOTAL,IT,2018,27326,
ESTAT:ORG_CROPAR(1.0),14/12/23 11:00:00,A,HA,F1000,TOTAL,IT,2019,26498,
ESTAT:ORG_CROPAR(1.0),14/12/23 11:00:00,A,HA,F1000,TOTAL,IT,2020,28685,
ESTAT:ORG_CROPAR(1.0),14/12/23 11:00:00,A,HA,F1100,TOTAL,DE,2017,6454,
ESTAT:ORG_CROPAR(1.0),14/12/23 11:00:00,A,HA,F1100,TOTAL,DE,2018,7220,e
ESTAT:ORG_CROPAR(1.0),14/12/23 11:00:00,A,HA,F1100,TOTAL,DE,2019,7596,e
ESTAT:ORG_CROPAR(1.0),14/12/23 11:00:00,A,HA,F1100,TOTAL,DE,2020,8609,e
ESTAT:ORG_CROPAR(1.0),14/12/23 11:00:00,A,HA,F1100,TOTAL,EL,2017,354,
ESTAT:ORG_CROPAR(1.0),14/12/23 11:00:00,A,HA,F1100,TOTAL,EL,2018,378,
ESTAT:ORG_CROPAR(1.0),14/12/23 11:00:00,A,HA,F1100,TOTAL,EL,2019,1323,
ESTAT:ORG_CROPAR(1.0),14/12/23 11:00:00,A,HA,F1100,TOTAL,EL,2020,557,
ESTAT:ORG_CROPAR(1.0),14/12/23 11:00:00,A,HA,F1100,TOTAL,ES,2017,1685,
ESTAT:ORG_CROPAR(1.0),14/12/23 11:00:00,A,HA,F1100,TOTAL,ES,2018,2157,
ESTAT:ORG_CROPAR(1.0),14/12/23 11:00:00,A,HA,F1100,TOTAL,ES,2019,2424,
ESTAT:ORG_CROPAR(1.0),14/12/23 11:00:00,A,HA,F1100,TOTAL,ES,2020,2639,
ESTAT:ORG_CROPAR(1.0),14/12/23 11:00:00,A,HA,F1100,TOTAL,FR,2017,11792,
ESTAT:ORG_CROPAR(1.0),14/12/23 11:00:00,A,HA,F1100,TOTAL,FR,2018,14527,
ESTAT:ORG_CROPAR(1.0),14/12/23 11:00:00,A,HA,F1100,TOTAL,FR,2019,16287,
ESTAT:ORG_CROPAR(1.0),14/12/23 11:00:00,A,HA,F1100,TOTAL,FR,2020,16946,e
ESTAT:ORG_CROPAR(1.0),14/12/23 11:00:00,A,HA,F1100,TOTAL,IT,2017,11190,
ESTAT:ORG_CROPAR(1.0),14/12/23 11:00:00,A,HA,F1100,TOTAL,IT,2018,12679,
ESTAT:ORG_CROPAR(1.0),14/12/23 11:00:00,A,HA,F1100,TOTAL,IT,2019,12882,
ESTAT:ORG_CROPAR(1.0),14/12/23 11:00:00,A,HA,F1100,TOTAL,IT,2020,13888,
ESTAT:ORG_CROPAR(1.0),14/12/23 11:00:00,A,HA,F1110,TOTAL,DE,2017,6092,
ESTAT:ORG_CROPAR(1.0),14/12/23 11:00:00,A,HA,F1110,TOTAL,DE,2018,6815,e
ESTAT:ORG_CROPAR(1.0),14/12/23 11:00:00,A,HA,F1110,TOTAL,DE,2019,7170,e
ESTAT:ORG_CROPAR(1.0),14/12/23 11:00:00,A,HA,F1110,TOTAL,DE,2020,8097,e
ESTAT:ORG_CROPAR(1.0),14/12/23 11:00:00,A,HA,F1110,TOTAL,EL,2017,242,
ESTAT:ORG_CROPAR(1.0),14/12/23 11:00:00,A,HA,F1110,TOTAL,EL,2018,254,
ESTAT:ORG_CROPAR(1.0),14/12/23 11:00:00,A,HA,F1110,TOTAL,EL,2019,315,
ESTAT:ORG_CROPAR(1.0),14/12/23 11:00:00,A,HA,F1110,TOTAL,EL,2020,344,
ESTAT:ORG_CROPAR(1.0),14/12/23 11:00:00,A,HA,F1110,TOTAL,ES,2017,1211,
ESTAT:ORG_CROPAR(1.0),14/12/23 11:00:00,A,HA,F1110,TOTAL,ES,2018,1483,
ESTAT:ORG_CROPAR(1.0),14/12/23 11:00:00,A,HA,F1110,TOTAL,ES,2019,1617,
ESTAT:ORG_CROPAR(1.0),14/12/23 11:00:00,A,HA,F1110,TOTAL,ES,2020,1839,
ESTAT:ORG_CROPAR(1.0),14/12/23 11:00:00,A,HA,F1110,TOTAL,FR,2017,10400,
ESTAT:ORG_CROPAR(1.0),14/12/23 11:00:00,A,HA,F1110,TOTAL,FR,2018,12725,
ESTAT:ORG_CROPAR(1.0),14/12/23 11:00:00,A,HA,F1110,TOTAL,FR,2019,14196,
ESTAT:ORG_CROPAR(1.0),14/12/23 11:00:00,A,HA,F1110,TOTAL,FR,2020,14639,e
ESTAT:ORG_CROPAR(1.0),14/12/23 11:00:00,A,HA,F1110,TOTAL,IT,2017,6201,
ESTAT:ORG_CROPAR(1.0),14/12/23 11:00:00,A,HA,F1110,TOTAL,IT,2018,7400,
ESTAT:ORG_CROPAR(1.0),14/12/23 11:00:00,A,HA,F1110,TOTAL,IT,2019,8235,
ESTAT:ORG_CROPAR(1.0),14/12/23 11:00:00,A,HA,F1110,TOTAL,IT,2020,8273,
ESTAT:ORG_CROPAR(1.0),14/12/23 11:00:00,A,HA,F1120,TOTAL,DE,2017,318,
ESTAT:ORG_CROPAR(1.0),14/12/23 11:00:00,A,HA,F1120,TOTAL,DE,2018,356,e
ESTAT:ORG_CROPAR(1.0),14/12/23 11:00:00,A,HA,F1120,TOTAL,DE,2019,374,e
ESTAT:ORG_CROPAR(1.0),14/12/23 11:00:00,A,HA,F1120,TOTAL,DE,2020,511,e
ESTAT:ORG_CROPAR(1.0),14/12/23 11:00:00,A,HA,F1120,TOTAL,EL,2017,109,
ESTAT:ORG_CROPAR(1.0),14/12/23 11:00:00,A,HA,F1120,TOTAL,EL,2018,124,
ESTAT:ORG_CROPAR(1.0),14/12/23 11:00:00,A,HA,F1120,TOTAL,EL,2019,205,
ESTAT:ORG_CROPAR(1.0),14/12/23 11:00:00,A,HA,F1120,TOTAL,EL,2020,213,
ESTAT:ORG_CROPAR(1.0),14/12/23 11:00:00,A,HA,F1120,TOTAL,ES,2017,354,
ESTAT:ORG_CROPAR(1.0),14/12/23 11:00:00,A,HA,F1120,TOTAL,ES,2018,448,
ESTAT:ORG_CROPAR(1.0),14/12/23 11:00:00,A,HA,F1120,TOTAL,ES,2019,544,
ESTAT:ORG_CROPAR(1.0),14/12/23 11:00:00,A,HA,F1120,TOTAL,ES,2020,564,
ESTAT:ORG_CROPAR(1.0),14/12/23 11:00:00,A,HA,F1120,TOTAL,FR,2017,1203,
ESTAT:ORG_CROPAR(1.0),14/12/23 11:00:00,A,HA,F1120,TOTAL,FR,2018,1427,
ESTAT:ORG_CROPAR(1.0),14/12/23 11:00:00,A,HA,F1120,TOTAL,FR,2019,1480,
ESTAT:ORG_CROPAR(1.0),14/12/23 11:00:00,A,HA,F1120,TOTAL,FR,2020,1597,e
ESTAT:ORG_CROPAR(1.0),14/12/23 11:00:00,A,HA,F1120,TOTAL,IT,2017,2033,
ESTAT:ORG_CROPAR(1.0),14/12/23 11:00:00,A,HA,F1120,TOTAL,IT,2018,2472,
ESTAT:ORG_CROPAR(1.0),14/12/23 11:00:00,A,HA,F1120,TOTAL,IT,2019,2788,
ESTAT:ORG_CROPAR(1.0),14/12/23 11:00:00,A,HA,F1120,TOTAL,IT,2020,2489,
ESTAT:ORG_CROPAR(1.0),14/12/23 11:00:00,A,HA,F1190,TOTAL,DE,2017,44,
ESTAT:ORG_CROPAR(1.0),14/12/23 11:00:00,A,HA,F1190,TOTAL,DE,2018,49,e
ESTAT:ORG_CROPAR(1.0),14/12/23 11:00:00,A,HA,F1190,TOTAL,DE,2019,52,e
ESTAT:ORG_CROPAR(1.0),14/12/23 11:00:00,A,HA,F1190,TOTAL,EL,2017,2,
ESTAT:ORG_CROPAR(1.0),14/12/23 11:00:00,A,HA,F1190,TOTAL,ES,2017,120,
ESTAT:ORG_CROPAR(1.0),14/12/23 11:00:00,A,HA,F1190,TOTAL,ES,2018,226,
ESTAT:ORG_CROPAR(1.0),14/12/23 11:00:00,A,HA,F1190,TOTAL,ES,2019,263,
ESTAT:ORG_CROPAR(1.0),14/12/23 11:00:00,A,HA,F1190,TOTAL,ES,2020,236,
ESTAT:ORG_CROPAR(1.0),14/12/23 11:00:00,A,HA,F1190,TOTAL,FR,2017,188,
ESTAT:ORG_CROPAR(1.0),14/12/23 11:00:00,A,HA,F1190,TOTAL,FR,2018,375,
ESTAT:ORG_CROPAR(1.0),14/12/23 11:00:00,A,HA,F1190,TOTAL,FR,2019,611,
ESTAT:ORG_CROPAR(1.0),14/12/23 11:00:00,A,HA,F1190,TOTAL,FR,2020,711,e
ESTAT:ORG_CROPAR(1.0),14/12/23 11:00:00,A,HA,F1190,TOTAL,IT,2017,2956,
ESTAT:ORG_CROPAR(1.0),14/12/23 11:00:00,A,HA,F1190,TOTAL,IT,2018,2808,
ESTAT:ORG_CROPAR(1.0),14/12/23 11:00:00,A,HA,F1190,TOTAL,IT,2019,1859,
ESTAT:ORG_CROPAR(1.0),14/12/23 11:00:00,A,HA,F1190,TOTAL,IT,2020,3126,
ESTAT:ORG_CROPAR(1.0),14/12/23 11:00:00,A,HA,F1200,TOTAL,DE,2017,1060,
ESTAT:ORG_CROPAR(1.0),14/12/23 11:00:00,A,HA,F1200,TOTAL,DE,2018,1186,e
ESTAT:ORG_CROPAR(1.0),14/12/23 11:00:00,A,HA,F1200,TOTAL,DE,2019,1248,e
ESTAT:ORG_CROPAR(1.0),14/12/23 11:00:00,A,HA,F1200,TOTAL,DE,2020,801,e
ESTAT:ORG_CROPAR(1.0),14/12/23 11:00:00,A,HA,F1200,TOTAL,EL,2017,521,
ESTAT:ORG_CROPAR(1.0),14/12/23 11:00:00,A,HA,F1200,TOTAL,EL,2018,447,
ESTAT:ORG_CROPAR(1.0),14/12/23 11:00:00,A,HA,F1200,TOTAL,EL,2019,690,
ESTAT:ORG_CROPAR(1.0),14/12/23 11:00:00,A,HA,F1200,TOTAL,EL,2020,687,
ESTAT:ORG_CROPAR(1.0),14/12/23 11:00:00,A,HA,F1200,TOTAL,ES,2017,4504,
ESTAT:ORG_CROPAR(1.0),14/12/23 11:00:00,A,HA,F1200,TOTAL,ES,2018,5169,
ESTAT:ORG_CROPAR(1.0),14/12/23 11:00:00,A,HA,F1200,TOTAL,ES,2019,5554,
ESTAT:ORG_CROPAR(1.0),14/12/23 11:00:00,A,HA,F1200,TOTAL,ES,2020,6105,
ESTAT:ORG_CROPAR(1.0),14/12/23 11:00:00,A,HA,F1200,TOTAL,FR,2017,4915,
ESTAT:ORG_CROPAR(1.0),14/12/23 11:00:00,A,HA,F1200,TOTAL,FR,2018,6860,
ESTAT:ORG_CROPAR(1.0),14/12/23 11:00:00,A,HA,F1200,TOTAL,FR,2019,7162,
ESTAT:ORG_CROPAR(1.0),14/12/23 11:00:00,A,HA,F1200,TOTAL,FR,2020,6584,e
ESTAT:ORG_CROPAR(1.0),14/12/23 11:00:00,A,HA,F1200,TOTAL,IT,2017,13637,
ESTAT:ORG_CROPAR(1.0),14/12/23 11:00:00,A,HA,F1200,TOTAL,IT,2018,14647,
ESTAT:ORG_CROPAR(1.0),14/12/23 11:00:00,A,HA,F1200,TOTAL,IT,2019,13616,
ESTAT:ORG_CROPAR(1.0),14/12/23 11:00:00,A,HA,F1200,TOTAL,IT,2020,14797,
ESTAT:ORG_CROPAR(1.0),14/12/23 11:00:00,A,HA,F1210,TOTAL,DE,2017,0,
ESTAT:ORG_CROPAR(1.0),14/12/23 11:00:00,A,HA,F1210,TOTAL,DE,2018,,n
ESTAT:ORG_CROPAR(1.0),14/12/23 11:00:00,A,HA,F1210,TOTAL,EL,2017,88,
ESTAT:ORG_CROPAR(1.0),14/12/23 11:00:00,A,HA,F1210,TOTAL,EL,2018,71,
ESTAT:ORG_CROPAR(1.0),14/12/23 11:00:00,A,HA,F1210,TOTAL,EL,2019,135,
ESTAT:ORG_CROPAR(1.0),14/12/23 11:00:00,A,HA,F1210,TOTAL,EL,2020,155,
ESTAT:ORG_CROPAR(1.0),14/12/23 11:00:00,A,HA,F1210,TOTAL,ES,2017,690,
ESTAT:ORG_CROPAR(1.0),14/12/23 11:00:00,A,HA,F1210,TOTAL,ES,2018,891,
ESTAT:ORG_CROPAR(1.0),14/12/23 11:00:00,A,HA,F1210,TOTAL,ES,2019,1038,
ESTAT:ORG_CROPAR(1.0),14/12/23 11:00:00,A,HA,F1210,TOTAL,ES,2020,1134,
ESTAT:ORG_CROPAR(1.0),14/12/23 11:00:00,A,HA,F1210,TOTAL,FR,2017,442,
ESTAT:ORG_CROPAR(1.0),14/12/23 11:00:00,A,HA,F1210,TOTAL,FR,2018,642,
ESTAT:ORG_CROPAR(1.0),14/12/23 11:00:00,A,HA,F1210,TOTAL,FR,2019,806,
ESTAT:ORG_CROPAR(1.0),14/12/23 11:00:00,A,HA,F1210,TOTAL,FR,2020,838,e
ESTAT:ORG_CROPAR(1.0),14/12/23 11:00:00,A,HA,F1210,TOTAL,IT,2017,2236,
ESTAT:ORG_CROPAR(1.0),14/12/23 11:00:00,A,HA,F1210,TOTAL,IT,2018,2466,
ESTAT:ORG_CROPAR(1.0),14/12/23 11:00:00,A,HA,F1210,TOTAL,IT,2019,2574,
ESTAT:ORG_CROPAR(1.0),14/12/23 11:00:00,A,HA,F1210,TOTAL,IT,2020,2474,
ESTAT:ORG_CROPAR(1.0),14/12/23 11:00:00,A,HA,F1220,TOTAL,DE,2017,0,
ESTAT:ORG_CROPAR(1.0),14/12/23 11:00:00,A,HA,F1220,TOTAL,DE,2018,,n
ESTAT:ORG_CROPAR(1.0),14/12/23 11:00:00,A,HA,F1220,TOTAL,EL,2017,51,
ESTAT:ORG_CROPAR(1.0),14/12/23 11:00:00,A,HA,F1220,TOTAL,EL,2018,52,
ESTAT:ORG_CROPAR(1.0),14/12/23 11:00:00,A,HA,F1220,TOTAL,EL,2019,49,
ESTAT:ORG_CROPAR(1.0),14/12/23 11:00:00,A,HA,F1220,TOTAL,EL,2020,50,
ESTAT:ORG_CROPAR(1.0),14/12/23 11:00:00,A,HA,F1220,TOTAL,ES,2017,543,
ESTAT:ORG_CROPAR(1.0),14/12/23 11:00:00,A,HA,F1220,TOTAL,ES,2018,644,
ESTAT:ORG_CROPAR(1.0),14/12/23 11:00:00,A,HA,F1220,TOTAL,ES,2019,723,
ESTAT:ORG_CROPAR(1.0),14/12/23 11:00:00,A,HA,F1220,TOTAL,ES,2020,750,
ESTAT:ORG_CROPAR(1.0),14/12/23 11:00:00,A,HA,F1220,TOTAL,FR,2017,208,
ESTAT:ORG_CROPAR(1.0),14/12/23 11:00:00,A,HA,F1220,TOTAL,FR,2018,197,
ESTAT:ORG_CROPAR(1.0),14/12/23 11:00:00,A,HA,F1220,TOTAL,FR,2019,228,
ESTAT:ORG_CROPAR(1.0),14/12/23 11:00:00,A,HA,F1220,TOTAL,FR,2020,196,e
ESTAT:ORG_CROPAR(1.0),14/12/23 11:00:00,A,HA,F1220,TOTAL,IT,2017,325,
ESTAT:ORG_CROPAR(1.0),14/12/23 11:00:00,A,HA,F1220,TOTAL,IT,2018,333,
ESTAT:ORG_CROPAR(1.0),14/12/23 11:00:00,A,HA,F1220,TOTAL,IT,2019,311,
ESTAT:ORG_CROPAR(1.0),14/12/23 11:00:00,A,HA,F1220,TOTAL,IT,2020,315,
ESTAT:ORG_CROPAR(1.0),14/12/23 11:00:00,A,HA,F1230,TOTAL,DE,2017,0,
ESTAT:ORG_CROPAR(1.0),14/12/23 11:00:00,A,HA,F1230,TOTAL,DE,2018,,n
ESTAT:ORG_CROPAR(1.0),14/12/23 11:00:00,A,HA,F1230,TOTAL,EL,2017,99,
ESTAT:ORG_CROPAR(1.0),14/12/23 11:00:00,A,HA,F1230,TOTAL,EL,2018,100,
ESTAT:ORG_CROPAR(1.0),14/12/23 11:00:00,A,HA,F1230,TOTAL,EL,2019,162,
ESTAT:ORG_CROPAR(1.0),14/12/23 11:00:00,A,HA,F1230,TOTAL,EL,2020,178,
ESTAT:ORG_CROPAR(1.0),14/12/23 11:00:00,A,HA,F1230,TOTAL,ES,2017,1051,
ESTAT:ORG_CROPAR(1.0),14/12/23 11:00:00,A,HA,F1230,TOTAL,ES,2018,1267,
ESTAT:ORG_CROPAR(1.0),14/12/23 11:00:00,A,HA,F1230,TOTAL,ES,2019,1289,
ESTAT:ORG_CROPAR(1.0),14/12/23 11:00:00,A,HA,F1230,TOTAL,ES,2020,1432,
ESTAT:ORG_CROPAR(1.0),14/12/23 11:00:00,A,HA,F1230,TOTAL,FR,2017,1055,
ESTAT:ORG_CROPAR(1.0),14/12/23 11:00:00,A,HA,F1230,TOTAL,FR,2018,1235,
ESTAT:ORG_CROPAR(1.0),14/12/23 11:00:00,A,HA,F1230,TOTAL,FR,2019,1344,
ESTAT:ORG_CROPAR(1.0),14/12/23 11:00:00,A,HA,F1230,TOTAL,FR,2020,1458,e
ESTAT:ORG_CROPAR(1.0),14/12/23 11:00:00,A,HA,F1230,TOTAL,IT,2017,2982,
ESTAT:ORG_CROPAR(1.0),14/12/23 11:00:00,A,HA,F1230,TOTAL,IT,2018,3335,
ESTAT:ORG_CROPAR(1.0),14/12/23 11:00:00,A,HA,F1230,TOTAL,IT,2019,3358,
ESTAT:ORG_CROPAR(1.0),14/12/23 11:00:00,A,HA,F1230,TOTAL,IT,2020,3415,
ESTAT:ORG_CROPAR(1.0),14/12/23 11:00:00,A,HA,F1240,TOTAL,DE,2017,470,
ESTAT:ORG_CROPAR(1.0),14/12/23 11:00:00,A,HA,F1240,TOTAL,DE,2018,526,e
ESTAT:ORG_CROPAR(1.0),14/12/23 11:00:00,A,HA,F1240,TOTAL,DE,2019,553,e
ESTAT:ORG_CROPAR(1.0),14/12/23 11:00:00,A,HA,F1240,TOTAL,DE,2020,464,e
ESTAT:ORG_CROPAR(1.0),14/12/23 11:00:00,A,HA,F1240,TOTAL,EL,2017,149,
ESTAT:ORG_CROPAR(1.0),14/12/23 11:00:00,A,HA,F1240,TOTAL,EL,2018,139,
ESTAT:ORG_CROPAR(1.0),14/12/23 11:00:00,A,HA,F1240,TOTAL,EL,2019,204,
ESTAT:ORG_CROPAR(1.0),14/12/23 11:00:00,A,HA,F1240,TOTAL,EL,2020,190,
ESTAT:ORG_CROPAR(1.0),14/12/23 11:00:00,A,HA,F1240,TOTAL,ES,2017,482,
ESTAT:ORG_CROPAR(1.0),14/12/23 11:00:00,A,HA,F1240,TOTAL,ES,2018,565,
ESTAT:ORG_CROPAR(1.0),14/12/23 11:00:00,A,HA,F1240,TOTAL,ES,2019,714,
ESTAT:ORG_CROPAR(1.0),14/12/23 11:00:00,A,HA,F1240,TOTAL,ES,2020,729,
ESTAT:ORG_CROPAR(1.0),14/12/23 11:00:00,A,HA,F1240,TOTAL,FR,2017,429,
ESTAT:ORG_CROPAR(1.0),14/12/23 11:00:00,A,HA,F1240,TOTAL,FR,2018,498,
ESTAT:ORG_CROPAR(1.0),14/12/23 11:00:00,A,HA,F1240,TOTAL,FR,2019,490,
ESTAT:ORG_CROPAR(1.0),14/12/23 11:00:00,A,HA,F1240,TOTAL,FR,2020,465,e
ESTAT:ORG_CROPAR(1.0),14/12/23 11:00:00,A,HA,F1240,TOTAL,IT,2017,3910,
ESTAT:ORG_CROPAR(1.0),14/12/23 11:00:00,A,HA,F1240,TOTAL,IT,2018,4395,
ESTAT:ORG_CROPAR(1.0),14/12/23 11:00:00,A,HA,F1240,TOTAL,IT,2019,4186,
ESTAT:ORG_CROPAR(1.0),14/12/23 11:00:00,A,HA,F1240,TOTAL,IT,2020,4095,
ESTAT:ORG_CROPAR(1.0),14/12/23 11:00:00,A,HA,F1250,TOTAL,DE,2017,294,
ESTAT:ORG_CROPAR(1.0),14/12/23 11:00:00,A,HA,F1250,TOTAL,DE,2018,329,e
ESTAT:ORG_CROPAR(1.0),14/12/23 11:00:00,A,HA,F1250,TOTAL,DE,2019,346,e
ESTAT:ORG_CROPAR(1.0),14/12/23 11:00:00,A,HA,F1250,TOTAL,DE,2020,281,e
ESTAT:ORG_CROPAR(1.0),14/12/23 11:00:00,A,HA,F1250,TOTAL,EL,2017,78,
ESTAT:ORG_CROPAR(1.0),14/12/23 11:00:00,A,HA,F1250,TOTAL,EL,2018,85,
ESTAT:ORG_CROPAR(1.0),14/12/23 11:00:00,A,HA,F1250,TOTAL,EL,2019,108,
ESTAT:ORG_CROPAR(1.0),14/12/23 11:00:00,A,HA,F1250,TOTAL,EL,2020,114,
ESTAT:ORG_CROPAR(1.0),14/12/23 11:00:00,A,HA,F1250,TOTAL,ES,2017,412,
ESTAT:ORG_CROPAR(1.0),14/12/23 11:00:00,A,HA,F1250,TOTAL,ES,2018,441,
ESTAT:ORG_CROPAR(1.0),14/12/23 11:00:00,A,HA,F1250,TOTAL,ES,2019,434,
ESTAT:ORG_CROPAR(1.0),14/12/23 11:00:00,A,HA,F1250,TOTAL,ES,2020,478,
ESTAT:ORG_CROPAR(1.0),14/12/23 11:00:00,A,HA,F1250,TOTAL,FR,2017,2057,
ESTAT:ORG_CROPAR(1.0),14/12/23 11:00:00,A,HA,F1250,TOTAL,FR,2018,3459,
ESTAT:ORG_CROPAR(1.0),14/12/23 11:00:00,A,HA,F1250,TOTAL,FR,2019,3328,
ESTAT:ORG_CROPAR(1.0),14/12/23 11:00:00,A,HA,F1250,TOTAL,FR,2020,3234,e
ESTAT:ORG_CROPAR(1.0),14/12/23 11:00:00,A,HA,F1250,TOTAL,IT,2017,1227,
ESTAT:ORG_CROPAR(1.0),14/12/23 11:00:00,A,HA,F1250,TOTAL,IT,2018,1309,
ESTAT:ORG_CROPAR(1.0),14/12/23 11:00:00,A,HA,F1250,TOTAL,IT,2019,1329,
ESTAT:ORG_CROPAR(1.0),14/12/23 11:00:00,A,HA,F1250,TOTAL,IT,2020,1371,
ESTAT:ORG_CROPAR(1.0),14/12/23 11:00:00,A,HA,F1290,TOTAL,DE,2017,296,
ESTAT:ORG_CROPAR(1.0),14/12/23 11:00:00,A,HA,F1290,TOTAL,DE,2018,331,e
ESTAT:ORG_CROPAR(1.0),14/12/23 11:00:00,A,HA,F1290,TOTAL,DE,2019,348,e
ESTAT:ORG_CROPAR(1.0),14/12/23 11:00:00,A,HA,F1290,TOTAL,DE,2020,55,e
ESTAT:ORG_CROPAR(1.0),14/12/23 11:00:00,A,HA,F1290,TOTAL,EL,2017,55,
ESTAT:ORG_CROPAR(1.0),14/12/23 11:00:00,A,HA,F1290,TOTAL,ES,2017,1326,
ESTAT:ORG_CROPAR(1.0),14/12/23 11:00:00,A,HA,F1290,TOTAL,ES,2018,1362,
ESTAT:ORG_CROPAR(1.0),14/12/23 11:00:00,A,HA,F1290,TOTAL,ES,2019,1357,
ESTAT:ORG_CROPAR(1.0),14/12/23 11:00:00,A,HA,F1290,TOTAL,ES,2020,1582,
ESTAT:ORG_CROPAR(1.0),14/12/23 11:00:00,A,HA,F1290,TOTAL,FR,2017,723,
ESTAT:ORG_CROPAR(1.0),14/12/23 11:00:00,A,HA,F1290,TOTAL,FR,2018,829,
ESTAT:ORG_CROPAR(1.0),14/12/23 11:00:00,A,HA,F1290,TOTAL,FR,2019,967,
ESTAT:ORG_CROPAR(1.0),14/12/23 11:00:00,A,HA,F1290,TOTAL,FR,2020,393,e
ESTAT:ORG_CROPAR(1.0),14/12/23 11:00:00,A,HA,F1290,TOTAL,IT,2017,2956,
ESTAT:ORG_CROPAR(1.0),14/12/23 11:00:00,A,HA,F1290,TOTAL,IT,2018,2808,
ESTAT:ORG_CROPAR(1.0),14/12/23 11:00:00,A,HA,F1290,TOTAL,IT,2019,1859,
ESTAT:ORG_CROPAR(1.0),14/12/23 11:00:00,A,HA,F1290,TOTAL,IT,2020,3126,
ESTAT:ORG_CROPAR(1.0),14/12/23 11:00:00,A,HA,F2000,TOTAL,DE,2017,0,
ESTAT:ORG_CROPAR(1.0),14/12/23 11:00:00,A,HA,F2000,TOTAL,DE,2018,,n
ESTAT:ORG_CROPAR(1.0),14/12/23 11:00:00,A,HA,F2000,TOTAL,EL,2017,817,
ESTAT:ORG_CROPAR(1.0),14/12/23 11:00:00,A,HA,F2000,TOTAL,EL,2018,1029,
ESTAT:ORG_CROPAR(1.0),14/12/23 11:00:00,A,HA,F2000,TOTAL,EL,2019,1182,
ESTAT:ORG_CROPAR(1.0),14/12/23 11:00:00,A,HA,F2000,TOTAL,EL,2020,1199,
ESTAT:ORG_CROPAR(1.0),14/12/23 11:00:00,A,HA,F2000,TOTAL,ES,2017,3645,
ESTAT:ORG_CROPAR(1.0),14/12/23 11:00:00,A,HA,F2000,TOTAL,ES,2018,4771,
ESTAT:ORG_CROPAR(1.0),14/12/23 11:00:00,A,HA,F2000,TOTAL,ES,2019,5957,
ESTAT:ORG_CROPAR(1.0),14/12/23 11:00:00,A,HA,F2000,TOTAL,ES,2020,6930,
ESTAT:ORG_CROPAR(1.0),14/12/23 11:00:00,A,HA,F2000,TOTAL,FR,2017,95,
ESTAT:ORG_CROPAR(1.0),14/12/23 11:00:00,A,HA,F2000,TOTAL,FR,2018,121,
ESTAT:ORG_CROPAR(1.0),14/12/23 11:00:00,A,HA,F2000,TOTAL,FR,2019,284,
ESTAT:ORG_CROPAR(1.0),14/12/23 11:00:00,A,HA,F2000,TOTAL,FR,2020,1348,e
ESTAT:ORG_CROPAR(1.0),14/12/23 11:00:00,A,HA,F2000,TOTAL,IT,2017,8419,
ESTAT:ORG_CROPAR(1.0),14/12/23 11:00:00,A,HA,F2000,TOTAL,IT,2018,9020,
ESTAT:ORG_CROPAR(1.0),14/12/23 11:00:00,A,HA,F2000,TOTAL,IT,2019,9984,
ESTAT:ORG_CROPAR(1.0),14/12/23 11:00:00,A,HA,F2000,TOTAL,IT,2020,9797,
ESTAT:ORG_CROPAR(1.0),14/12/23 11:00:00,A,HA,F3000,TOTAL,DE,2017,2551,
ESTAT:ORG_CROPAR(1.0),14/12/23 11:00:00,A,HA,F3000,TOTAL,DE,2018,2816,
ESTAT:ORG_CROPAR(1.0),14/12/23 11:00:00,A,HA,F3000,TOTAL,DE,2019,3051,
ESTAT:ORG_CROPAR(1.0),14/12/23 11:00:00,A,HA,F3000,TOTAL,DE,2020,2992,
ESTAT:ORG_CROPAR(1.0),14/12/23 11:00:00,A,HA,F3000,TOTAL,EL,2017,350,
ESTAT:ORG_CROPAR(1.0),14/12/23 11:00:00,A,HA,F3000,TOTAL,EL,2018,257,
ESTAT:ORG_CROPAR(1.0),14/12/23 11:00:00,A,HA,F3000,TOTAL,EL,2019,269,
ESTAT:ORG_CROPAR(1.0),14/12/23 11:00:00,A,HA,F3000,TOTAL,EL,2020,190,
ESTAT:ORG_CROPAR(1.0),14/12/23 11:00:00,A,HA,F3000,TOTAL,ES,2017,1044,
ESTAT:ORG_CROPAR(1.0),14/12/23 11:00:00,A,HA,F3000,TOTAL,ES,2018,1356,
ESTAT:ORG_CROPAR(1.0),14/12/23 11:00:00,A,HA,F3000,TOTAL,ES,2019,1497,
ESTAT:ORG_CROPAR(1.0),14/12/23 11:00:00,A,HA,F3000,TOTAL,ES,2020,1651,
ESTAT:ORG_CROPAR(1.0),14/12/23 11:00:00,A,HA,F3000,TOTAL,FR,2017,425,
ESTAT:ORG_CROPAR(1.0),14/12/23 11:00:00,A,HA,F3000,TOTAL,FR,2018,484,
ESTAT:ORG_CROPAR(1.0),14/12/23 11:00:00,A,HA,F3000,TOTAL,FR,2019,561,
ESTAT:ORG_CROPAR(1.0),14/12/23 11:00:00,A,HA,F3000,TOTAL,FR,2020,610,e
ESTAT:ORG_CROPAR(1.0),14/12/23 11:00:00,A,HA,F3000,TOTAL,IT,2017,515,
ESTAT:ORG_CROPAR(1.0),14/12/23 11:00:00,A,HA,F3000,TOTAL,IT,2018,570,
ESTAT:ORG_CROPAR(1.0),14/12/23 11:00:00,A,HA,F3000,TOTAL,IT,2019,592,
ESTAT:ORG_CROPAR(1.0),14/12/23 11:00:00,A,HA,F3000,TOTAL,IT,2020,639,
ESTAT:ORG_CROPAR(1.0),14/12/23 11:00:00,A,HA,F4000,TOTAL,DE,2017,179,
ESTAT:ORG_CROPAR(1.0),14/12/23 11:00:00,A,HA,F4000,TOTAL,DE,2018,321,e
ESTAT:ORG_CROPAR(1.0),14/12/23 11:00:00,A,HA,F4000,TOTAL,DE,2019,332,e
ESTAT:ORG_CROPAR(1.0),14/12/23 11:00:00,A,HA,F4000,TOTAL,DE,2020,556,e
ESTAT:ORG_CROPAR(1.0),14/12/23 11:00:00,A,HA,F4000,TOTAL,EL,2017,585,
ESTAT:ORG_CROPAR(1.0),14/12/23 11:00:00,A,HA,F4000,TOTAL,EL,2018,772,
ESTAT:ORG_CROPAR(1.0),14/12/23 11:00:00,A,HA,F4000,TOTAL,EL,2019,1523,
ESTAT:ORG_CROPAR(1.0),14/12/23 11:00:00,A,HA,F4000,TOTAL,EL,2020,1327,
ESTAT:ORG_CROPAR(1.0),14/12/23 11:00:00,A,HA,F4000,TOTAL,ES,2017,146978,
ESTAT:ORG_CROPAR(1.0),14/12/23 11:00:00,A,HA,F4000,TOTAL,ES,2018,168255,
ESTAT:ORG_CROPAR(1.0),14/12/23 11:00:00,A,HA,F4000,TOTAL,ES,2019,170239,
ESTAT:ORG_CROPAR(1.0),14/12/23 11:00:00,A,HA,F4000,TOTAL,ES,2020,196941,
ESTAT:ORG_CROPAR(1.0),14/12/23 11:00:00,A,HA,F4000,TOTAL,FR,2017,12317,
ESTAT:ORG_CROPAR(1.0),14/12/23 11:00:00,A,HA,F4000,TOTAL,FR,2018,13957,
ESTAT:ORG_CROPAR(1.0),14/12/23 11:00:00,A,HA,F4000,TOTAL,FR,2019,15147,
ESTAT:ORG_CROPAR(1.0),14/12/23 11:00:00,A,HA,F4000,TOTAL,FR,2020,17601,e
ESTAT:ORG_CROPAR(1.0),14/12/23 11:00:00,A,HA,F4000,TOTAL,IT,2017,47452,
ESTAT:ORG_CROPAR(1.0),14/12/23 11:00:00,A,HA,F4000,TOTAL,IT,2018,50244,
ESTAT:ORG_CROPAR(1.0),14/12/23 11:00:00,A,HA,F4000,TOTAL,IT,2019,50612,
ESTAT:ORG_CROPAR(1.0),14/12/23 11:00:00,A,HA,F4000,TOTAL,IT,2020,53097,
ESTAT:ORG_CROPAR(1.0),14/12/23 11:00:00,A,HA,G0000,TOTAL,DE,2017,153623,
ESTAT:ORG_CROPAR(1.0),14/12/23 11:00:00,A,HA,G0000,TOTAL,DE,2018,172063,e
ESTAT:ORG_CROPAR(1.0),14/12/23 11:00:00,A,HA,G0000,TOTAL,DE,2019,181144,e
ESTAT:ORG_CROPAR(1.0),14/12/23 11:00:00,A,HA,G0000,TOTAL,DE,2020,238364,e
ESTAT:ORG_CROPAR(1.0),14/12/23 11:00:00,A,HA,G0000,TOTAL,EL,2017,48177,
ESTAT:ORG_CROPAR(1.0),14/12/23 11:00:00,A,HA,G0000,TOTAL,EL,2018,64542,
ESTAT:ORG_CROPAR(1.0),14/12/23 11:00:00,A,HA,G0000,TOTAL,EL,2019,88160,
ESTAT:ORG_CROPAR(1.0),14/12/23 11:00:00,A,HA,G0000,TOTAL,EL,2020,88272,
ESTAT:ORG_CROPAR(1.0),14/12/23 11:00:00,A,HA,G0000,TOTAL,ES,2017,27572,
ESTAT:ORG_CROPAR(1.0),14/12/23 11:00:00,A,HA,G0000,TOTAL,ES,2018,33524,
ESTAT:ORG_CROPAR(1.0),14/12/23 11:00:00,A,HA,G0000,TOTAL,ES,2019,32346,
ESTAT:ORG_CROPAR(1.0),14/12/23 11:00:00,A,HA,G0000,TOTAL,ES,2020,35460,
ESTAT:ORG_CROPAR(1.0),14/12/23 11:00:00,A,HA,G0000,TOTAL,FR,2017,459840,
ESTAT:ORG_CROPAR(1.0),14/12/23 11:00:00,A,HA,G0000,TOTAL,FR,2018,520198,
ESTAT:ORG_CROPAR(1.0),14/12/23 11:00:00,A,HA,G0000,TOTAL,FR,2019,552774,
ESTAT:ORG_CROPAR(1.0),14/12/23 11:00:00,A,HA,G0000,TOTAL,FR,2020,619500,e
ESTAT:ORG_CROPAR(1.0),14/12/23 11:00:00,A,HA,G0000,TOTAL,IT,2017,376573,
ESTAT:ORG_CROPAR(1.0),14/12/23 11:00:00,A,HA,G0000,TOTAL,IT,2018,392218,
ESTAT:ORG_CROPAR(1.0),14/12/23 11:00:00,A,HA,G0000,TOTAL,IT,2019,396748,
ESTAT:ORG_CROPAR(1.0),14/12/23 11:00:00,A,HA,G0000,TOTAL,IT,2020,426867,
ESTAT:ORG_CROPAR(1.0),14/12/23 11:00:00,A,HA,H0000,TOTAL,DE,2017,18215,
ESTAT:ORG_CROPAR(1.0),14/12/23 11:00:00,A,HA,H0000,TOTAL,DE,2018,20625,e
ESTAT:ORG_CROPAR(1.0),14/12/23 11:00:00,A,HA,H0000,TOTAL,DE,2019,21674,e
ESTAT:ORG_CROPAR(1.0),14/12/23 11:00:00,A,HA,H0000,TOTAL,DE,2020,23570,e
ESTAT:ORG_CROPAR(1.0),14/12/23 11:00:00,A,HA,H0000,TOTAL,EL,2017,59226,
ESTAT:ORG_CROPAR(1.0),14/12/23 11:00:00,A,HA,H0000,TOTAL,EL,2018,60362,
ESTAT:ORG_CROPAR(1.0),14/12/23 11:00:00,A,HA,H0000,TOTAL,EL,2019,69988,
ESTAT:ORG_CROPAR(1.0),14/12/23 11:00:00,A,HA,H0000,TOTAL,EL,2020,67982,
ESTAT:ORG_CROPAR(1.0),14/12/23 11:00:00,A,HA,H0000,TOTAL,ES,2017,506458,
ESTAT:ORG_CROPAR(1.0),14/12/23 11:00:00,A,HA,H0000,TOTAL,ES,2018,550052,
ESTAT:ORG_CROPAR(1.0),14/12/23 11:00:00,A,HA,H0000,TOTAL,ES,2019,582001,
ESTAT:ORG_CROPAR(1.0),14/12/23 11:00:00,A,HA,H0000,TOTAL,ES,2020,637852,
ESTAT:ORG_CROPAR(1.0),14/12/23 11:00:00,A,HA,H0000,TOTAL,FR,2017,116958,
ESTAT:ORG_CROPAR(1.0),14/12/23 11:00:00,A,HA,H0000,TOTAL,FR,2018,140030,
ESTAT:ORG_CROPAR(1.0),14/12/23 11:00:00,A,HA,H0000,TOTAL,FR,2019,163480,
ESTAT:ORG_CROPAR(1.0),14/12/23 11:00:00,A,HA,H0000,TOTAL,FR,2020,192713,e
ESTAT:ORG_CROPAR(1.0),14/12/23 11:00:00,A,HA,H0000,TOTAL,IT,2017,461994,
ESTAT:ORG_CROPAR(1.0),14/12/23 11:00:00,A,HA,H0000,TOTAL,IT,2018,468363,
ESTAT:ORG_CROPAR(1.0),14/12/23 11:00:00,A,HA,H0000,TOTAL,IT,2019,476626,
ESTAT:ORG_CROPAR(1.0),14/12/23 11:00:00,A,HA,H0000,TOTAL,IT,2020,491616,
ESTAT:ORG_CROPAR(1.0),14/12/23 11:00:00,A,HA,H9000,TOTAL,DE,2017,770,
ESTAT:ORG_CROPAR(1.0),14/12/23 11:00:00,A,HA,H9000,TOTAL,DE,2018,982,e
ESTAT:ORG_CROPAR(1.0),14/12/23 11:00:00,A,HA,H9000,TOTAL,DE,2019,1138,e
ESTAT:ORG_CROPAR(1.0),14/12/23 11:00:00,A,HA,H9000,TOTAL,DE,2020,1034,e
ESTAT:ORG_CROPAR(1.0),14/12/23 11:00:00,A,HA,H9000,TOTAL,EL,2017,280,
ESTAT:ORG_CROPAR(1.0),14/12/23 11:00:00,A,HA,H9000,TOTAL,EL,2018,197,
ESTAT:ORG_CROPAR(1.0),14/12/23 11:00:00,A,HA,H9000,TOTAL,EL,2019,308,
ESTAT:ORG_CROPAR(1.0),14/12/23 11:00:00,A,HA,H9000,TOTAL,EL,2020,395,
ESTAT:ORG_CROPAR(1.0),14/12/23 11:00:00,A,HA,H9000,TOTAL,ES,2017,34503,
ESTAT:ORG_CROPAR(1.0),14/12/23 11:00:00,A,HA,H9000,TOTAL,ES,2018,40779,
ESTAT:ORG_CROPAR(1.0),14/12/23 11:00:00,A,HA,H9000,TOTAL,ES,2019,49070,
ESTAT:ORG_CROPAR(1.0),14/12/23 11:00:00,A,HA,H9000,TOTAL,ES,2020,49837,
ESTAT:ORG_CROPAR(1.0),14/12/23 11:00:00,A,HA,H9000,TOTAL,FR,2017,3767,
ESTAT:ORG_CROPAR(1.0),14/12/23 11:00:00,A,HA,H9000,TOTAL,FR,2018,4280,
ESTAT:ORG_CROPAR(1.0),14/12/23 11:00:00,A,HA,H9000,TOTAL,FR,2019,5546,
ESTAT:ORG_CROPAR(1.0),14/12/23 11:00:00,A,HA,H9000,TOTAL,FR,2020,6107,e
ESTAT:ORG_CROPAR(1.0),14/12/23 11:00:00,A,HA,H9000,TOTAL,IT,2017,0,
ESTAT:ORG_CROPAR(1.0),14/12/23 11:00:00,A,HA,H9000,TOTAL,IT,2019,0,
ESTAT:ORG_CROPAR(1.0),14/12/23 11:00:00,A,HA,I0000,TOTAL,DE,2017,12126,
ESTAT:ORG_CROPAR(1.0),14/12/23 11:00:00,A,HA,I0000,TOTAL,DE,2018,15745,e
ESTAT:ORG_CROPAR(1.0),14/12/23 11:00:00,A,HA,I0000,TOTAL,DE,2019,16242,e
ESTAT:ORG_CROPAR(1.0),14/12/23 11:00:00,A,HA,I0000,TOTAL,DE,2020,20516,e
ESTAT:ORG_CROPAR(1.0),14/12/23 11:00:00,A,HA,I0000,TOTAL,EL,2017,12876,
ESTAT:ORG_CROPAR(1.0),14/12/23 11:00:00,A,HA,I0000,TOTAL,EL,2018,11425,
ESTAT:ORG_CROPAR(1.0),14/12/23 11:00:00,A,HA,I0000,TOTAL,EL,2019,12919,
ESTAT:ORG_CROPAR(1.0),14/12/23 11:00:00,A,HA,I0000,TOTAL,EL,2020,10531,
ESTAT:ORG_CROPAR(1.0),14/12/23 11:00:00,A,HA,I0000,TOTAL,ES,2017,20225,
ESTAT:ORG_CROPAR(1.0),14/12/23 11:00:00,A,HA,I0000,TOTAL,ES,2018,23124,
ESTAT:ORG_CROPAR(1.0),14/12/23 11:00:00,A,HA,I0000,TOTAL,ES,2019,23031,
ESTAT:ORG_CROPAR(1.0),14/12/23 11:00:00,A,HA,I0000,TOTAL,ES,2020,21861,
ESTAT:ORG_CROPAR(1.0),14/12/23 11:00:00,A,HA,I0000,TOTAL,FR,2017,71417,
ESTAT:ORG_CROPAR(1.0),14/12/23 11:00:00,A,HA,I0000,TOTAL,FR,2018,100520,
ESTAT:ORG_CROPAR(1.0),14/12/23 11:00:00,A,HA,I0000,TOTAL,FR,2019,106517,
ESTAT:ORG_CROPAR(1.0),14/12/23 11:00:00,A,HA,I0000,TOTAL,FR,2020,147068,e
ESTAT:ORG_CROPAR(1.0),14/12/23 11:00:00,A,HA,I0000,TOTAL,IT,2017,29186,
ESTAT:ORG_CROPAR(1.0),14/12/23 11:00:00,A,HA,I0000,TOTAL,IT,2018,33169,
ESTAT:ORG_CROPAR(1.0),14/12/23 11:00:00,A,HA,I0000,TOTAL,IT,2019,36408,
ESTAT:ORG_CROPAR(1.0),14/12/23 11:00:00,A,HA,I0000,TOTAL,IT,2020,43075,
ESTAT:ORG_CROPAR(1.0),14/12/23 11:00:00,A,HA,I1100,TOTAL,DE,2017,8700,
ESTAT:ORG_CROPAR(1.0),14/12/23 11:00:00,A,HA,I1100,TOTAL,DE,2018,11927,e
ESTAT:ORG_CROPAR(1.0),14/12/23 11:00:00,A,HA,I1100,TOTAL,DE,2019,11493,e
ESTAT:ORG_CROPAR(1.0),14/12/23 11:00:00,A,HA,I1100,TOTAL,DE,2020,14802,e
ESTAT:ORG_CROPAR(1.0),14/12/23 11:00:00,A,HA,I1100,TOTAL,EL,2017,6914,
ESTAT:ORG_CROPAR(1.0),14/12/23 11:00:00,A,HA,I1100,TOTAL,EL,2018,4025,
ESTAT:ORG_CROPAR(1.0),14/12/23 11:00:00,A,HA,I1100,TOTAL,EL,2019,4959,
ESTAT:ORG_CROPAR(1.0),14/12/23 11:00:00,A,HA,I1100,TOTAL,EL,2020,3099,
ESTAT:ORG_CROPAR(1.0),14/12/23 11:00:00,A,HA,I1100,TOTAL,ES,2017,8537,
ESTAT:ORG_CROPAR(1.0),14/12/23 11:00:00,A,HA,I1100,TOTAL,ES,2018,9770,
ESTAT:ORG_CROPAR(1.0),14/12/23 11:00:00,A,HA,I1100,TOTAL,ES,2019,10543,
ESTAT:ORG_CROPAR(1.0),14/12/23 11:00:00,A,HA,I1100,TOTAL,ES,2020,11606,
ESTAT:ORG_CROPAR(1.0),14/12/23 11:00:00,A,HA,I1100,TOTAL,FR,2017,59172,
ESTAT:ORG_CROPAR(1.0),14/12/23 11:00:00,A,HA,I1100,TOTAL,FR,2018,87356,
ESTAT:ORG_CROPAR(1.0),14/12/23 11:00:00,A,HA,I1100,TOTAL,FR,2019,91984,
ESTAT:ORG_CROPAR(1.0),14/12/23 11:00:00,A,HA,I1100,TOTAL,FR,2020,128978,e
ESTAT:ORG_CROPAR(1.0),14/12/23 11:00:00,A,HA,I1100,TOTAL,IT,2017,21768,
ESTAT:ORG_CROPAR(1.0),14/12/23 11:00:00,A,HA,I1100,TOTAL,IT,2018,25581,
ESTAT:ORG_CROPAR(1.0),14/12/23 11:00:00,A,HA,I1100,TOTAL,IT,2019,28736,
ESTAT:ORG_CROPAR(1.0),14/12/23 11:00:00,A,HA,I1100,TOTAL,IT,2020,34788,
ESTAT:ORG_CROPAR(1.0),14/12/23 11:00:00,A,HA,I1110,TOTAL,DE,2017,3714,
ESTAT:ORG_CROPAR(1.0),14/12/23 11:00:00,A,HA,I1110,TOTAL,DE,2018,5218,e
ESTAT:ORG_CROPAR(1.0),14/12/23 11:00:00,A,HA,I1110,TOTAL,DE,2019,4358,e
ESTAT:ORG_CROPAR(1.0),14/12/23 11:00:00,A,HA,I1110,TOTAL,DE,2020,3435,e
ESTAT:ORG_CROPAR(1.0),14/12/23 11:00:00,A,HA,I1110,TOTAL,EL,2017,426,
ESTAT:ORG_CROPAR(1.0),14/12/23 11:00:00,A,HA,I1110,TOTAL,EL,2018,761,
ESTAT:ORG_CROPAR(1.0),14/12/23 11:00:00,A,HA,I1110,TOTAL,EL,2019,802,
ESTAT:ORG_CROPAR(1.0),14/12/23 11:00:00,A,HA,I1110,TOTAL,EL,2020,828,
ESTAT:ORG_CROPAR(1.0),14/12/23 11:00:00,A,HA,I1110,TOTAL,ES,2017,230,
ESTAT:ORG_CROPAR(1.0),14/12/23 11:00:00,A,HA,I1110,TOTAL,ES,2018,194,
ESTAT:ORG_CROPAR(1.0),14/12/23 11:00:00,A,HA,I1110,TOTAL,ES,2019,231,
ESTAT:ORG_CROPAR(1.0),14/12/23 11:00:00,A,HA,I1110,TOTAL,ES,2020,131,
ESTAT:ORG_CROPAR(1.0),14/12/23 11:00:00,A,HA,I1110,TOTAL,FR,2017,5864,
ESTAT:ORG_CROPAR(1.0),14/12/23 11:00:00,A,HA,I1110,TOTAL,FR,2018,16283,
ESTAT:ORG_CROPAR(1.0),14/12/23 11:00:00,A,HA,I1110,TOTAL,FR,2019,11747,
ESTAT:ORG_CROPAR(1.0),14/12/23 11:00:00,A,HA,I1110,TOTAL,FR,2020,11426,e
ESTAT:ORG_CROPAR(1.0),14/12/23 11:00:00,A,HA,I1110,TOTAL,IT,2017,2045,
ESTAT:ORG_CROPAR(1.0),14/12/23 11:00:00,A,HA,I1110,TOTAL,IT,2018,2656,
ESTAT:ORG_CROPAR(1.0),14/12/23 11:00:00,A,HA,I1110,TOTAL,IT,2019,2477,
ESTAT:ORG_CROPAR(1.0),14/12/23 11:00:00,A,HA,I1110,TOTAL,IT,2020,3225,
ESTAT:ORG_CROPAR(1.0),14/12/23 11:00:00,A,HA,I1120,TOTAL,DE,2017,2661,
ESTAT:ORG_CROPAR(1.0),14/12/23 11:00:00,A,HA,I1120,TOTAL,DE,2018,2921,e
ESTAT:ORG_CROPAR(1.0),14/12/23 11:00:00,A,HA,I1120,TOTAL,DE,2019,4231,e
ESTAT:ORG_CROPAR(1.0),14/12/23 11:00:00,A,HA,I1120,TOTAL,DE,2020,7104,e
ESTAT:ORG_CROPAR(1.0),14/12/23 11:00:00,A,HA,I1120,TOTAL,EL,2017,3559,
ESTAT:ORG_CROPAR(1.0),14/12/23 11:00:00,A,HA,I1120,TOTAL,EL,2018,3235,
ESTAT:ORG_CROPAR(1.0),14/12/23 11:00:00,A,HA,I1120,TOTAL,EL,2019,2650,
ESTAT:ORG_CROPAR(1.0),14/12/23 11:00:00,A,HA,I1120,TOTAL,EL,2020,2240,
ESTAT:ORG_CROPAR(1.0),14/12/23 11:00:00,A,HA,I1120,TOTAL,ES,2017,7747,
ESTAT:ORG_CROPAR(1.0),14/12/23 11:00:00,A,HA,I1120,TOTAL,ES,2018,8331,
ESTAT:ORG_CROPAR(1.0),14/12/23 11:00:00,A,HA,I1120,TOTAL,ES,2019,8998,
ESTAT:ORG_CROPAR(1.0),14/12/23 11:00:00,A,HA,I1120,TOTAL,ES,2020,10513,
ESTAT:ORG_CROPAR(1.0),14/12/23 11:00:00,A,HA,I1120,TOTAL,FR,2017,23389,
ESTAT:ORG_CROPAR(1.0),14/12/23 11:00:00,A,HA,I1120,TOTAL,FR,2018,33358,
ESTAT:ORG_CROPAR(1.0),14/12/23 11:00:00,A,HA,I1120,TOTAL,FR,2019,35418,
ESTAT:ORG_CROPAR(1.0),14/12/23 11:00:00,A,HA,I1120,TOTAL,FR,2020,56846,e
ESTAT:ORG_CROPAR(1.0),14/12/23 11:00:00,A,HA,I1120,TOTAL,IT,2017,8069,
ESTAT:ORG_CROPAR(1.0),14/12/23 11:00:00,A,HA,I1120,TOTAL,IT,2018,9190,
ESTAT:ORG_CROPAR(1.0),14/12/23 11:00:00,A,HA,I1120,TOTAL,IT,2019,11594,
ESTAT:ORG_CROPAR(1.0),14/12/23 11:00:00,A,HA,I1120,TOTAL,IT,2020,15011,
ESTAT:ORG_CROPAR(1.0),14/12/23 11:00:00,A,HA,I1130,TOTAL,DE,2017,,n
ESTAT:ORG_CROPAR(1.0),14/12/23 11:00:00,A,HA,I1130,TOTAL,DE,2018,,n
ESTAT:ORG_CROPAR(1.0),14/12/23 11:00:00,A,HA,I1130,TOTAL,EL,2017,49,
ESTAT:ORG_CROPAR(1.0),14/12/23 11:00:00,A,HA,I1130,TOTAL,EL,2018,29,
ESTAT:ORG_CROPAR(1.0),14/12/23 11:00:00,A,HA,I1130,TOTAL,EL,2019,83,
ESTAT:ORG_CROPAR(1.0),14/12/23 11:00:00,A,HA,I1130,TOTAL,EL,2020,31,
ESTAT:ORG_CROPAR(1.0),14/12/23 11:00:00,A,HA,I1130,TOTAL,ES,2017,2,
ESTAT:ORG_CROPAR(1.0),14/12/23 11:00:00,A,HA,I1130,TOTAL,ES,2018,11,
ESTAT:ORG_CROPAR(1.0),14/12/23 11:00:00,A,HA,I1130,TOTAL,ES,2019,29,
ESTAT:ORG_CROPAR(1.0),14/12/23 11:00:00,A,HA,I1130,TOTAL,ES,2020,63,
ESTAT:ORG_CROPAR(1.0),14/12/23 11:00:00,A,HA,I1130,TOTAL,FR,2017,24815,
ESTAT:ORG_CROPAR(1.0),14/12/23 11:00:00,A,HA,I1130,TOTAL,FR,2018,32578,
ESTAT:ORG_CROPAR(1.0),14/12/23 11:00:00,A,HA,I1130,TOTAL,FR,2019,40383,
ESTAT:ORG_CROPAR(1.0),14/12/23 11:00:00,A,HA,I1130,TOTAL,FR,2020,53124,e
ESTAT:ORG_CROPAR(1.0),14/12/23 11:00:00,A,HA,I1130,TOTAL,IT,2017,9207,
ESTAT:ORG_CROPAR(1.0),14/12/23 11:00:00,A,HA,I1130,TOTAL,IT,2018,11547,
ESTAT:ORG_CROPAR(1.0),14/12/23 11:00:00,A,HA,I1130,TOTAL,IT,2019,13277,
ESTAT:ORG_CROPAR(1.0),14/12/23 11:00:00,A,HA,I1130,TOTAL,IT,2020,15659,
ESTAT:ORG_CROPAR(1.0),14/12/23 11:00:00,A,HA,I1140,TOTAL,DE,2017,958,
ESTAT:ORG_CROPAR(1.0),14/12/23 11:00:00,A,HA,I1140,TOTAL,DE,2018,1044,e
ESTAT:ORG_CROPAR(1.0),14/12/23 11:00:00,A,HA,I1140,TOTAL,DE,2019,1259,e
ESTAT:ORG_CROPAR(1.0),14/12/23 11:00:00,A,HA,I1140,TOTAL,DE,2020,1682,e
ESTAT:ORG_CROPAR(1.0),14/12/23 11:00:00,A,HA,I1140,TOTAL,EL,2017,16,
ESTAT:ORG_CROPAR(1.0),14/12/23 11:00:00,A,HA,I1140,TOTAL,ES,2017,121,
ESTAT:ORG_CROPAR(1.0),14/12/23 11:00:00,A,HA,I1140,TOTAL,ES,2018,4,
ESTAT:ORG_CROPAR(1.0),14/12/23 11:00:00,A,HA,I1140,TOTAL,ES,2019,3,
ESTAT:ORG_CROPAR(1.0),14/12/23 11:00:00,A,HA,I1140,TOTAL,ES,2020,7,
ESTAT:ORG_CROPAR(1.0),14/12/23 11:00:00,A,HA,I1140,TOTAL,FR,2017,4441,
ESTAT:ORG_CROPAR(1.0),14/12/23 11:00:00,A,HA,I1140,TOTAL,FR,2018,4577,
ESTAT:ORG_CROPAR(1.0),14/12/23 11:00:00,A,HA,I1140,TOTAL,FR,2019,3982,
ESTAT:ORG_CROPAR(1.0),14/12/23 11:00:00,A,HA,I1140,TOTAL,FR,2020,6598,e
ESTAT:ORG_CROPAR(1.0),14/12/23 11:00:00,A,HA,I1140,TOTAL,IT,2017,2179,
ESTAT:ORG_CROPAR(1.0),14/12/23 11:00:00,A,HA,I1140,TOTAL,IT,2018,1973,
ESTAT:ORG_CROPAR(1.0),14/12/23 11:00:00,A,HA,I1140,TOTAL,IT,2019,1197,
ESTAT:ORG_CROPAR(1.0),14/12/23 11:00:00,A,HA,I1140,TOTAL,IT,2020,682,
ESTAT:ORG_CROPAR(1.0),14/12/23 11:00:00,A,HA,I1150,TOTAL,DE,2017,,n
ESTAT:ORG_CROPAR(1.0),14/12/23 11:00:00,A,HA,I1150,TOTAL,DE,2018,,n
ESTAT:ORG_CROPAR(1.0),14/12/23 11:00:00,A,HA,I1150,TOTAL,EL,2017,2672,
ESTAT:ORG_CROPAR(1.0),14/12/23 11:00:00,A,HA,I1150,TOTAL,ES,2017,0,
ESTAT:ORG_CROPAR(1.0),14/12/23 11:00:00,A,HA,I1150,TOTAL,ES,2018,0,
ESTAT:ORG_CROPAR(1.0),14/12/23 11:00:00,A,HA,I1150,TOTAL,ES,2019,0,
ESTAT:ORG_CROPAR(1.0),14/12/23 11:00:00,A,HA,I1150,TOTAL,ES,2020,0,
ESTAT:ORG_CROPAR(1.0),14/12/23 11:00:00,A,HA,I1150,TOTAL,FR,2017,0,
ESTAT:ORG_CROPAR(1.0),14/12/23 11:00:00,A,HA,I1150,TOTAL,FR,2018,0,
ESTAT:ORG_CROPAR(1.0),14/12/23 11:00:00,A,HA,I1150,TOTAL,FR,2019,0,
ESTAT:ORG_CROPAR(1.0),14/12/23 11:00:00,A,HA,I1150,TOTAL,FR,2020,0,e
ESTAT:ORG_CROPAR(1.0),14/12/23 11:00:00,A,HA,I1150,TOTAL,IT,2017,0,
ESTAT:ORG_CROPAR(1.0),14/12/23 11:00:00,A,HA,I1150,TOTAL,IT,2018,0,
ESTAT:ORG_CROPAR(1.0),14/12/23 11:00:00,A,HA,I1150,TOTAL,IT,2019,0,
ESTAT:ORG_CROPAR(1.0),14/12/23 11:00:00,A,HA,I1150,TOTAL,IT,2020,0,
ESTAT:ORG_CROPAR(1.0),14/12/23 11:00:00,A,HA,I1190,TOTAL,DE,2017,1367,
ESTAT:ORG_CROPAR(1.0),14/12/23 11:00:00,A,HA,I1190,TOTAL,DE,2018,1745,e
ESTAT:ORG_CROPAR(1.0),14/12/23 11:00:00,A,HA,I1190,TOTAL,DE,2019,1645,e
ESTAT:ORG_CROPAR(1.0),14/12/23 11:00:00,A,HA,I1190,TOTAL,DE,2020,2581,e
ESTAT:ORG_CROPAR(1.0),14/12/23 11:00:00,A,HA,I1190,TOTAL,EL,2017,193,
ESTAT:ORG_CROPAR(1.0),14/12/23 11:00:00,A,HA,I1190,TOTAL,ES,2017,437,
ESTAT:ORG_CROPAR(1.0),14/12/23 11:00:00,A,HA,I1190,TOTAL,ES,2018,1230,
ESTAT:ORG_CROPAR(1.0),14/12/23 11:00:00,A,HA,I1190,TOTAL,ES,2019,1283,
ESTAT:ORG_CROPAR(1.0),14/12/23 11:00:00,A,HA,I1190,TOTAL,ES,2020,892,
ESTAT:ORG_CROPAR(1.0),14/12/23 11:00:00,A,HA,I1190,TOTAL,FR,2017,664,
ESTAT:ORG_CROPAR(1.0),14/12/23 11:00:00,A,HA,I1190,TOTAL,FR,2018,561,
ESTAT:ORG_CROPAR(1.0),14/12/23 11:00:00,A,HA,I1190,TOTAL,FR,2019,454,
ESTAT:ORG_CROPAR(1.0),14/12/23 11:00:00,A,HA,I1190,TOTAL,FR,2020,984,e
ESTAT:ORG_CROPAR(1.0),14/12/23 11:00:00,A,HA,I1190,TOTAL,IT,2017,268,
ESTAT:ORG_CROPAR(1.0),14/12/23 11:00:00,A,HA,I1190,TOTAL,IT,2018,215,
ESTAT:ORG_CROPAR(1.0),14/12/23 11:00:00,A,HA,I1190,TOTAL,IT,2019,192,
ESTAT:ORG_CROPAR(1.0),14/12/23 11:00:00,A,HA,I1190,TOTAL,IT,2020,210,
ESTAT:ORG_CROPAR(1.0),14/12/23 11:00:00,A,HA,I2000,TOTAL,DE,2017,879,
ESTAT:ORG_CROPAR(1.0),14/12/23 11:00:00,A,HA,I2000,TOTAL,DE,2018,1230,e
ESTAT:ORG_CROPAR(1.0),14/12/23 11:00:00,A,HA,I2000,TOTAL,DE,2019,1637,e
ESTAT:ORG_CROPAR(1.0),14/12/23 11:00:00,A,HA,I2000,TOTAL,DE,2020,2370,e
ESTAT:ORG_CROPAR(1.0),14/12/23 11:00:00,A,HA,I2000,TOTAL,EL,2017,3101,
ESTAT:ORG_CROPAR(1.0),14/12/23 11:00:00,A,HA,I2000,TOTAL,EL,2018,4052,
ESTAT:ORG_CROPAR(1.0),14/12/23 11:00:00,A,HA,I2000,TOTAL,EL,2019,3864,
ESTAT:ORG_CROPAR(1.0),14/12/23 11:00:00,A,HA,I2000,TOTAL,EL,2020,3370,
ESTAT:ORG_CROPAR(1.0),14/12/23 11:00:00,A,HA,I2000,TOTAL,ES,2017,52,
ESTAT:ORG_CROPAR(1.0),14/12/23 11:00:00,A,HA,I2000,TOTAL,ES,2018,85,
ESTAT:ORG_CROPAR(1.0),14/12/23 11:00:00,A,HA,I2000,TOTAL,ES,2019,163,
ESTAT:ORG_CROPAR(1.0),14/12/23 11:00:00,A,HA,I2000,TOTAL,ES,2020,167,
ESTAT:ORG_CROPAR(1.0),14/12/23 11:00:00,A,HA,I2000,TOTAL,FR,2017,3189,
ESTAT:ORG_CROPAR(1.0),14/12/23 11:00:00,A,HA,I2000,TOTAL,FR,2018,3008,
ESTAT:ORG_CROPAR(1.0),14/12/23 11:00:00,A,HA,I2000,TOTAL,FR,2019,2998,
ESTAT:ORG_CROPAR(1.0),14/12/23 11:00:00,A,HA,I2000,TOTAL,FR,2020,4255,e
ESTAT:ORG_CROPAR(1.0),14/12/23 11:00:00,A,HA,I2000,TOTAL,IT,2017,429,
ESTAT:ORG_CROPAR(1.0),14/12/23 11:00:00,A,HA,I2000,TOTAL,IT,2018,391,
ESTAT:ORG_CROPAR(1.0),14/12/23 11:00:00,A,HA,I2000,TOTAL,IT,2019,624,
ESTAT:ORG_CROPAR(1.0),14/12/23 11:00:00,A,HA,I2000,TOTAL,IT,2020,472,
ESTAT:ORG_CROPAR(1.0),14/12/23 11:00:00,A,HA,I3000,TOTAL,DE,2017,42,
ESTAT:ORG_CROPAR(1.0),14/12/23 11:00:00,A,HA,I3000,TOTAL,DE,2018,46,e
ESTAT:ORG_CROPAR(1.0),14/12/23 11:00:00,A,HA,I3000,TOTAL,DE,2019,70,e
ESTAT:ORG_CROPAR(1.0),14/12/23 11:00:00,A,HA,I3000,TOTAL,DE,2020,60,e
ESTAT:ORG_CROPAR(1.0),14/12/23 11:00:00,A,HA,I3000,TOTAL,EL,2017,717,
ESTAT:ORG_CROPAR(1.0),14/12/23 11:00:00,A,HA,I3000,TOTAL,EL,2018,387,
ESTAT:ORG_CROPAR(1.0),14/12/23 11:00:00,A,HA,I3000,TOTAL,EL,2019,328,
ESTAT:ORG_CROPAR(1.0),14/12/23 11:00:00,A,HA,I3000,TOTAL,EL,2020,229,
ESTAT:ORG_CROPAR(1.0),14/12/23 11:00:00,A,HA,I3000,TOTAL,ES,2017,0,
ESTAT:ORG_CROPAR(1.0),14/12/23 11:00:00,A,HA,I3000,TOTAL,ES,2018,0,
ESTAT:ORG_CROPAR(1.0),14/12/23 11:00:00,A,HA,I3000,TOTAL,ES,2019,0,
ESTAT:ORG_CROPAR(1.0),14/12/23 11:00:00,A,HA,I3000,TOTAL,ES,2020,0,
ESTAT:ORG_CROPAR(1.0),14/12/23 11:00:00,A,HA,I3000,TOTAL,FR,2017,158,
ESTAT:ORG_CROPAR(1.0),14/12/23 11:00:00,A,HA,I3000,TOTAL,FR,2018,129,
ESTAT:ORG_CROPAR(1.0),14/12/23 11:00:00,A,HA,I3000,TOTAL,FR,2019,12,
ESTAT:ORG_CROPAR(1.0),14/12/23 11:00:00,A,HA,I3000,TOTAL,FR,2020,20,e
ESTAT:ORG_CROPAR(1.0),14/12/23 11:00:00,A,HA,I3000,TOTAL,IT,2017,104,
ESTAT:ORG_CROPAR(1.0),14/12/23 11:00:00,A,HA,I3000,TOTAL,IT,2018,130,
ESTAT:ORG_CROPAR(1.0),14/12/23 11:00:00,A,HA,I3000,TOTAL,IT,2019,160,
ESTAT:ORG_CROPAR(1.0),14/12/23 11:00:00,A,HA,I3000,TOTAL,IT,2020,58,
ESTAT:ORG_CROPAR(1.0),14/12/23 11:00:00,A,HA,I4000,TOTAL,DE,2017,242,
ESTAT:ORG_CROPAR(1.0),14/12/23 11:00:00,A,HA,I4000,TOTAL,DE,2018,143,e
ESTAT:ORG_CROPAR(1.0),14/12/23 11:00:00,A,HA,I4000,TOTAL,DE,2019,175,e
ESTAT:ORG_CROPAR(1.0),14/12/23 11:00:00,A,HA,I4000,TOTAL,DE,2020,178,e
ESTAT:ORG_CROPAR(1.0),14/12/23 11:00:00,A,HA,I4000,TOTAL,EL,2017,0,
ESTAT:ORG_CROPAR(1.0),14/12/23 11:00:00,A,HA,I4000,TOTAL,EL,2018,0,
ESTAT:ORG_CROPAR(1.0),14/12/23 11:00:00,A,HA,I4000,TOTAL,EL,2019,0,
ESTAT:ORG_CROPAR(1.0),14/12/23 11:00:00,A,HA,I4000,TOTAL,EL,2020,0,
ESTAT:ORG_CROPAR(1.0),14/12/23 11:00:00,A,HA,I4000,TOTAL,ES,2017,10,
ESTAT:ORG_CROPAR(1.0),14/12/23 11:00:00,A,HA,I4000,TOTAL,ES,2018,12,
ESTAT:ORG_CROPAR(1.0),14/12/23 11:00:00,A,HA,I4000,TOTAL,ES,2019,22,
ESTAT:ORG_CROPAR(1.0),14/12/23 11:00:00,A,HA,I4000,TOTAL,ES,2020,67,
ESTAT:ORG_CROPAR(1.0),14/12/23 11:00:00,A,HA,I4000,TOTAL,FR,2017,44,
ESTAT:ORG_CROPAR(1.0),14/12/23 11:00:00,A,HA,I4000,TOTAL,FR,2018,84,
ESTAT:ORG_CROPAR(1.0),14/12/23 11:00:00,A,HA,I4000,TOTAL,FR,2019,122,
ESTAT:ORG_CROPAR(1.0),14/12/23 11:00:00,A,HA,I4000,TOTAL,FR,2020,156,e
ESTAT:ORG_CROPAR(1.0),14/12/23 11:00:00,A,HA,I4000,TOTAL,IT,2017,8,
ESTAT:ORG_CROPAR(1.0),14/12/23 11:00:00,A,HA,I4000,TOTAL,IT,2018,13,
ESTAT:ORG_CROPAR(1.0),14/12/23 11:00:00,A,HA,I4000,TOTAL,IT,2019,17,
ESTAT:ORG_CROPAR(1.0),14/12/23 11:00:00,A,HA,I4000,TOTAL,IT,2020,45,
ESTAT:ORG_CROPAR(1.0),14/12/23 11:00:00,A,HA,I5000,TOTAL,DE,2017,1646,
ESTAT:ORG_CROPAR(1.0),14/12/23 11:00:00,A,HA,I5000,TOTAL,DE,2018,1712,e
ESTAT:ORG_CROPAR(1.0),14/12/23 11:00:00,A,HA,I5000,TOTAL,DE,2019,2125,e
ESTAT:ORG_CROPAR(1.0),14/12/23 11:00:00,A,HA,I5000,TOTAL,DE,2020,1737,e
ESTAT:ORG_CROPAR(1.0),14/12/23 11:00:00,A,HA,I5000,TOTAL,EL,2017,2095,
ESTAT:ORG_CROPAR(1.0),14/12/23 11:00:00,A,HA,I5000,TOTAL,EL,2018,2817,
ESTAT:ORG_CROPAR(1.0),14/12/23 11:00:00,A,HA,I5000,TOTAL,EL,2019,3614,
ESTAT:ORG_CROPAR(1.0),14/12/23 11:00:00,A,HA,I5000,TOTAL,EL,2020,3778,
ESTAT:ORG_CROPAR(1.0),14/12/23 11:00:00,A,HA,I5000,TOTAL,ES,2017,9169,
ESTAT:ORG_CROPAR(1.0),14/12/23 11:00:00,A,HA,I5000,TOTAL,ES,2018,11120,
ESTAT:ORG_CROPAR(1.0),14/12/23 11:00:00,A,HA,I5000,TOTAL,ES,2019,9605,
ESTAT:ORG_CROPAR(1.0),14/12/23 11:00:00,A,HA,I5000,TOTAL,ES,2020,9699,
ESTAT:ORG_CROPAR(1.0),14/12/23 11:00:00,A,HA,I5000,TOTAL,FR,2017,8082,
ESTAT:ORG_CROPAR(1.0),14/12/23 11:00:00,A,HA,I5000,TOTAL,FR,2018,8747,
ESTAT:ORG_CROPAR(1.0),14/12/23 11:00:00,A,HA,I5000,TOTAL,FR,2019,9926,
ESTAT:ORG_CROPAR(1.0),14/12/23 11:00:00,A,HA,I5000,TOTAL,FR,2020,11469,e
ESTAT:ORG_CROPAR(1.0),14/12/23 11:00:00,A,HA,I5000,TOTAL,IT,2017,5205,
ESTAT:ORG_CROPAR(1.0),14/12/23 11:00:00,A,HA,I5000,TOTAL,IT,2018,5221,
ESTAT:ORG_CROPAR(1.0),14/12/23 11:00:00,A,HA,I5000,TOTAL,IT,2019,5432,
ESTAT:ORG_CROPAR(1.0),14/12/23 11:00:00,A,HA,I5000,TOTAL,IT,2020,6203,
ESTAT:ORG_CROPAR(1.0),14/12/23 11:00:00,A,HA,I6000_9000,TOTAL,DE,2017,617,
ESTAT:ORG_CROPAR(1.0),14/12/23 11:00:00,A,HA,I6000_9000,TOTAL,DE,2018,687,e
ESTAT:ORG_CROPAR(1.0),14/12/23 11:00:00,A,HA,I6000_9000,TOTAL,DE,2019,742,e
ESTAT:ORG_CROPAR(1.0),14/12/23 11:00:00,A,HA,I6000_9000,TOTAL,DE,2020,1369,e
ESTAT:ORG_CROPAR(1.0),14/12/23 11:00:00,A,HA,I6000_9000,TOTAL,EL,2017,48,
ESTAT:ORG_CROPAR(1.0),14/12/23 11:00:00,A,HA,I6000_9000,TOTAL,EL,2018,145,
ESTAT:ORG_CROPAR(1.0),14/12/23 11:00:00,A,HA,I6000_9000,TOTAL,EL,2019,153,
ESTAT:ORG_CROPAR(1.0),14/12/23 11:00:00,A,HA,I6000_9000,TOTAL,EL,2020,55,
ESTAT:ORG_CROPAR(1.0),14/12/23 11:00:00,A,HA,I6000_9000,TOTAL,ES,2017,2458,
ESTAT:ORG_CROPAR(1.0),14/12/23 11:00:00,A,HA,I6000_9000,TOTAL,ES,2018,2137,
ESTAT:ORG_CROPAR(1.0),14/12/23 11:00:00,A,HA,I6000_9000,TOTAL,ES,2019,2697,
ESTAT:ORG_CROPAR(1.0),14/12/23 11:00:00,A,HA,I6000_9000,TOTAL,ES,2020,323,
ESTAT:ORG_CROPAR(1.0),14/12/23 11:00:00,A,HA,I6000_9000,TOTAL,FR,2017,771,
ESTAT:ORG_CROPAR(1.0),14/12/23 11:00:00,A,HA,I6000_9000,TOTAL,FR,2018,1197,
ESTAT:ORG_CROPAR(1.0),14/12/23 11:00:00,A,HA,I6000_9000,TOTAL,FR,2019,1475,
ESTAT:ORG_CROPAR(1.0),14/12/23 11:00:00,A,HA,I6000_9000,TOTAL,FR,2020,2190,e
ESTAT:ORG_CROPAR(1.0),14/12/23 11:00:00,A,HA,I6000_9000,TOTAL,IT,2017,1671,
ESTAT:ORG_CROPAR(1.0),14/12/23 11:00:00,A,HA,I6000_9000,TOTAL,IT,2018,1832,
ESTAT:ORG_CROPAR(1.0),14/12/23 11:00:00,A,HA,I6000_9000,TOTAL,IT,2019,1438,
ESTAT:ORG_CROPAR(1.0),14/12/23 11:00:00,A,HA,I6000_9000,TOTAL,IT,2020,1510,
ESTAT:ORG_CROPAR(1.0),14/12/23 11:00:00,A,HA,J0000,TOTAL,DE,2017,636038,
ESTAT:ORG_CROPAR(1.0),14/12/23 11:00:00,A,HA,J0000,TOTAL,DE,2018,669382,e
ESTAT:ORG_CROPAR(1.0),14/12/23 11:00:00,A,HA,J0000,TOTAL,DE,2019,698803,e
ESTAT:ORG_CROPAR(1.0),14/12/23 11:00:00,A,HA,J0000,TOTAL,DE,2020,834177,e
ESTAT:ORG_CROPAR(1.0),14/12/23 11:00:00,A,HA,J0000,TOTAL,EL,2017,200663,
ESTAT:ORG_CROPAR(1.0),14/12/23 11:00:00,A,HA,J0000,TOTAL,EL,2018,275203,
ESTAT:ORG_CROPAR(1.0),14/12/23 11:00:00,A,HA,J0000,TOTAL,EL,2019,279549,
ESTAT:ORG_CROPAR(1.0),14/12/23 11:00:00,A,HA,J0000,TOTAL,EL,2020,294012,
ESTAT:ORG_CROPAR(1.0),14/12/23 11:00:00,A,HA,J0000,TOTAL,ES,2017,1085338,
ESTAT:ORG_CROPAR(1.0),14/12/23 11:00:00,A,HA,J0000,TOTAL,ES,2018,1186905,
ESTAT:ORG_CROPAR(1.0),14/12/23 11:00:00,A,HA,J0000,TOTAL,ES,2019,1254296,
ESTAT:ORG_CROPAR(1.0),14/12/23 11:00:00,A,HA,J0000,TOTAL,ES,2020,1273392,
ESTAT:ORG_CROPAR(1.0),14/12/23 11:00:00,A,HA,J0000,TOTAL,FR,2017,678980,
ESTAT:ORG_CROPAR(1.0),14/12/23 11:00:00,A,HA,J0000,TOTAL,FR,2018,728487,
ESTAT:ORG_CROPAR(1.0),14/12/23 11:00:00,A,HA,J0000,TOTAL,FR,2019,818387,
ESTAT:ORG_CROPAR(1.0),14/12/23 11:00:00,A,HA,J0000,TOTAL,FR,2020,879244,e
ESTAT:ORG_CROPAR(1.0),14/12/23 11:00:00,A,HA,J0000,TOTAL,IT,2017,544048,
ESTAT:ORG_CROPAR(1.0),14/12/23 11:00:00,A,HA,J0000,TOTAL,IT,2018,540012,
ESTAT:ORG_CROPAR(1.0),14/12/23 11:00:00,A,HA,J0000,TOTAL,IT,2019,551074,
ESTAT:ORG_CROPAR(1.0),14/12/23 11:00:00,A,HA,J0000,TOTAL,IT,2020,583781,
ESTAT:ORG_CROPAR(1.0),14/12/23 11:00:00,A,HA,O1000,TOTAL,DE,2017,0,
ESTAT:ORG_CROPAR(1.0),14/12/23 11:00:00,A,HA,O1000,TOTAL,DE,2018,,n
ESTAT:ORG_CROPAR(1.0),14/12/23 11:00:00,A,HA,O1000,TOTAL,EL,2017,50085,
ESTAT:ORG_CROPAR(1.0),14/12/23 11:00:00,A,HA,O1000,TOTAL,EL,2018,50869,
ESTAT:ORG_CROPAR(1.0),14/12/23 11:00:00,A,HA,O1000,TOTAL,EL,2019,57062,
ESTAT:ORG_CROPAR(1.0),14/12/23 11:00:00,A,HA,O1000,TOTAL,EL,2020,56507,
ESTAT:ORG_CROPAR(1.0),14/12/23 11:00:00,A,HA,O1000,TOTAL,ES,2017,195114,
ESTAT:ORG_CROPAR(1.0),14/12/23 11:00:00,A,HA,O1000,TOTAL,ES,2018,200129,
ESTAT:ORG_CROPAR(1.0),14/12/23 11:00:00,A,HA,O1000,TOTAL,ES,2019,209288,
ESTAT:ORG_CROPAR(1.0),14/12/23 11:00:00,A,HA,O1000,TOTAL,ES,2020,222723,
ESTAT:ORG_CROPAR(1.0),14/12/23 11:00:00,A,HA,O1000,TOTAL,FR,2017,4735,
ESTAT:ORG_CROPAR(1.0),14/12/23 11:00:00,A,HA,O1000,TOTAL,FR,2018,5317,
ESTAT:ORG_CROPAR(1.0),14/12/23 11:00:00,A,HA,O1000,TOTAL,FR,2019,5754,
ESTAT:ORG_CROPAR(1.0),14/12/23 11:00:00,A,HA,O1000,TOTAL,FR,2020,6425,e
ESTAT:ORG_CROPAR(1.0),14/12/23 11:00:00,A,HA,O1000,TOTAL,IT,2017,235741,
ESTAT:ORG_CROPAR(1.0),14/12/23 11:00:00,A,HA,O1000,TOTAL,IT,2018,239096,
ESTAT:ORG_CROPAR(1.0),14/12/23 11:00:00,A,HA,O1000,TOTAL,IT,2019,242708,
ESTAT:ORG_CROPAR(1.0),14/12/23 11:00:00,A,HA,O1000,TOTAL,IT,2020,246504,
ESTAT:ORG_CROPAR(1.0),14/12/23 11:00:00,A,HA,P0000,TOTAL,DE,2017,38392,
ESTAT:ORG_CROPAR(1.0),14/12/23 11:00:00,A,HA,P0000,TOTAL,DE,2018,40092,e
ESTAT:ORG_CROPAR(1.0),14/12/23 11:00:00,A,HA,P0000,TOTAL,DE,2019,41540,e
ESTAT:ORG_CROPAR(1.0),14/12/23 11:00:00,A,HA,P0000,TOTAL,DE,2020,64684,e
ESTAT:ORG_CROPAR(1.0),14/12/23 11:00:00,A,HA,P0000,TOTAL,EL,2017,17868,
ESTAT:ORG_CROPAR(1.0),14/12/23 11:00:00,A,HA,P0000,TOTAL,EL,2018,21247,
ESTAT:ORG_CROPAR(1.0),14/12/23 11:00:00,A,HA,P0000,TOTAL,EL,2019,19282,
ESTAT:ORG_CROPAR(1.0),14/12/23 11:00:00,A,HA,P0000,TOTAL,EL,2020,23008,
ESTAT:ORG_CROPAR(1.0),14/12/23 11:00:00,A,HA,P0000,TOTAL,ES,2017,30484,
ESTAT:ORG_CROPAR(1.0),14/12/23 11:00:00,A,HA,P0000,TOTAL,ES,2018,34463,
ESTAT:ORG_CROPAR(1.0),14/12/23 11:00:00,A,HA,P0000,TOTAL,ES,2019,35908,
ESTAT:ORG_CROPAR(1.0),14/12/23 11:00:00,A,HA,P0000,TOTAL,ES,2020,35102,
ESTAT:ORG_CROPAR(1.0),14/12/23 11:00:00,A,HA,P0000,TOTAL,FR,2017,97405,
ESTAT:ORG_CROPAR(1.0),14/12/23 11:00:00,A,HA,P0000,TOTAL,FR,2018,115599,
ESTAT:ORG_CROPAR(1.0),14/12/23 11:00:00,A,HA,P0000,TOTAL,FR,2019,131070,
ESTAT:ORG_CROPAR(1.0),14/12/23 11:00:00,A,HA,P0000,TOTAL,FR,2020,156782,e
ESTAT:ORG_CROPAR(1.0),14/12/23 11:00:00,A,HA,P0000,TOTAL,IT,2017,49730,
ESTAT:ORG_CROPAR(1.0),14/12/23 11:00:00,A,HA,P0000,TOTAL,IT,2018,50477,
ESTAT:ORG_CROPAR(1.0),14/12/23 11:00:00,A,HA,P0000,TOTAL,IT,2019,47523,
ESTAT:ORG_CROPAR(1.0),14/12/23 11:00:00,A,HA,P0000,TOTAL,IT,2020,47058,
ESTAT:ORG_CROPAR(1.0),14/12/23 11:00:00,A,HA,PECR,TOTAL,DE,2017,18306,
ESTAT:ORG_CROPAR(1.0),14/12/23 11:00:00,A,HA,PECR,TOTAL,DE,2018,20753,e
ESTAT:ORG_CROPAR(1.0),14/12/23 11:00:00,A,HA,PECR,TOTAL,DE,2019,21928,e
ESTAT:ORG_CROPAR(1.0),14/12/23 11:00:00,A,HA,PECR,TOTAL,DE,2020,23570,e
ESTAT:ORG_CROPAR(1.0),14/12/23 11:00:00,A,HA,PECR,TOTAL,EL,2017,59299,
ESTAT:ORG_CROPAR(1.0),14/12/23 11:00:00,A,HA,PECR,TOTAL,EL,2018,60507,
ESTAT:ORG_CROPAR(1.0),14/12/23 11:00:00,A,HA,PECR,TOTAL,EL,2019,70200,
ESTAT:ORG_CROPAR(1.0),14/12/23 11:00:00,A,HA,PECR,TOTAL,EL,2020,68177,
ESTAT:ORG_CROPAR(1.0),14/12/23 11:00:00,A,HA,PECR,TOTAL,ES,2017,528504,
ESTAT:ORG_CROPAR(1.0),14/12/23 11:00:00,A,HA,PECR,TOTAL,ES,2018,572207,
ESTAT:ORG_CROPAR(1.0),14/12/23 11:00:00,A,HA,PECR,TOTAL,ES,2019,606407,
ESTAT:ORG_CROPAR(1.0),14/12/23 11:00:00,A,HA,PECR,TOTAL,ES,2020,662424,
ESTAT:ORG_CROPAR(1.0),14/12/23 11:00:00,A,HA,PECR,TOTAL,FR,2017,118425,
ESTAT:ORG_CROPAR(1.0),14/12/23 11:00:00,A,HA,PECR,TOTAL,FR,2018,140393,
ESTAT:ORG_CROPAR(1.0),14/12/23 11:00:00,A,HA,PECR,TOTAL,FR,2019,167041,
ESTAT:ORG_CROPAR(1.0),14/12/23 11:00:00,A,HA,PECR,TOTAL,FR,2020,193731,e
ESTAT:ORG_CROPAR(1.0),14/12/23 11:00:00,A,HA,PECR,TOTAL,IT,2017,466896,
ESTAT:ORG_CROPAR(1.0),14/12/23 11:00:00,A,HA,PECR,TOTAL,IT,2018,471342,
ESTAT:ORG_CROPAR(1.0),14/12/23 11:00:00,A,HA,PECR,TOTAL,IT,2019,480459,
ESTAT:ORG_CROPAR(1.0),14/12/23 11:00:00,A,HA,PECR,TOTAL,IT,2020,495295,
ESTAT:ORG_CROPAR(1.0),14/12/23 11:00:00,A,HA,PECR9,TOTAL,DE,2017,91,
ESTAT:ORG_CROPAR(1.0),14/12/23 11:00:00,A,HA,PECR9,TOTAL,DE,2018,128,e
ESTAT:ORG_CROPAR(1.0),14/12/23 11:00:00,A,HA,PECR9,TOTAL,DE,2019,254,e
ESTAT:ORG_CROPAR(1.0),14/12/23 11:00:00,A,HA,PECR9,TOTAL,EL,2017,69,
ESTAT:ORG_CROPAR(1.0),14/12/23 11:00:00,A,HA,PECR9,TOTAL,EL,2018,145,
ESTAT:ORG_CROPAR(1.0),14/12/23 11:00:00,A,HA,PECR9,TOTAL,EL,2019,211,
ESTAT:ORG_CROPAR(1.0),14/12/23 11:00:00,A,HA,PECR9,TOTAL,EL,2020,194,
ESTAT:ORG_CROPAR(1.0),14/12/23 11:00:00,A,HA,PECR9,TOTAL,ES,2017,21939,
ESTAT:ORG_CROPAR(1.0),14/12/23 11:00:00,A,HA,PECR9,TOTAL,ES,2018,22155,
ESTAT:ORG_CROPAR(1.0),14/12/23 11:00:00,A,HA,PECR9,TOTAL,ES,2019,24253,
ESTAT:ORG_CROPAR(1.0),14/12/23 11:00:00,A,HA,PECR9,TOTAL,ES,2020,24379,
ESTAT:ORG_CROPAR(1.0),14/12/23 11:00:00,A,HA,PECR9,TOTAL,FR,2017,482,
ESTAT:ORG_CROPAR(1.0),14/12/23 11:00:00,A,HA,PECR9,TOTAL,FR,2018,363,
ESTAT:ORG_CROPAR(1.0),14/12/23 11:00:00,A,HA,PECR9,TOTAL,FR,2019,3561,
ESTAT:ORG_CROPAR(1.0),14/12/23 11:00:00,A,HA,PECR9,TOTAL,FR,2020,1017,e
ESTAT:ORG_CROPAR(1.0),14/12/23 11:00:00,A,HA,PECR9,TOTAL,IT,2017,4902,
ESTAT:ORG_CROPAR(1.0),14/12/23 11:00:00,A,HA,PECR9,TOTAL,IT,2018,2979,
ESTAT:ORG_CROPAR(1.0),14/12/23 11:00:00,A,HA,PECR9,TOTAL,IT,2019,3833,
ESTAT:ORG_CROPAR(1.0),14/12/23 11:00:00,A,HA,PECR9,TOTAL,IT,2020,3678,
ESTAT:ORG_CROPAR(1.0),14/12/23 11:00:00,A,HA,Q0000,TOTAL,DE,2017,9377,
ESTAT:ORG_CROPAR(1.0),14/12/23 11:00:00,A,HA,Q0000,TOTAL,DE,2018,11449,e
ESTAT:ORG_CROPAR(1.0),14/12/23 11:00:00,A,HA,Q0000,TOTAL,DE,2019,12895,e
ESTAT:ORG_CROPAR(1.0),14/12/23 11:00:00,A,HA,Q0000,TOTAL,DE,2020,16590,e
ESTAT:ORG_CROPAR(1.0),14/12/23 11:00:00,A,HA,Q0000,TOTAL,EL,2017,7845,
ESTAT:ORG_CROPAR(1.0),14/12/23 11:00:00,A,HA,Q0000,TOTAL,EL,2018,8241,
ESTAT:ORG_CROPAR(1.0),14/12/23 11:00:00,A,HA,Q0000,TOTAL,EL,2019,6833,
ESTAT:ORG_CROPAR(1.0),14/12/23 11:00:00,A,HA,Q0000,TOTAL,EL,2020,6310,
ESTAT:ORG_CROPAR(1.0),14/12/23 11:00:00,A,HA,Q0000,TOTAL,ES,2017,160758,
ESTAT:ORG_CROPAR(1.0),14/12/23 11:00:00,A,HA,Q0000,TOTAL,ES,2018,166601,
ESTAT:ORG_CROPAR(1.0),14/12/23 11:00:00,A,HA,Q0000,TOTAL,ES,2019,166170,
ESTAT:ORG_CROPAR(1.0),14/12/23 11:00:00,A,HA,Q0000,TOTAL,ES,2020,167638,
ESTAT:ORG_CROPAR(1.0),14/12/23 11:00:00,A,HA,Q0000,TOTAL,FR,2017,25278,
ESTAT:ORG_CROPAR(1.0),14/12/23 11:00:00,A,HA,Q0000,TOTAL,FR,2018,32685,
ESTAT:ORG_CROPAR(1.0),14/12/23 11:00:00,A,HA,Q0000,TOTAL,FR,2019,35911,
ESTAT:ORG_CROPAR(1.0),14/12/23 11:00:00,A,HA,Q0000,TOTAL,FR,2020,79911,e
ESTAT:ORG_CROPAR(1.0),14/12/23 11:00:00,A,HA,Q0000,TOTAL,IT,2017,58301,
ESTAT:ORG_CROPAR(1.0),14/12/23 11:00:00,A,HA,Q0000,TOTAL,IT,2018,59562,
ESTAT:ORG_CROPAR(1.0),14/12/23 11:00:00,A,HA,Q0000,TOTAL,IT,2019,58493,
ESTAT:ORG_CROPAR(1.0),14/12/23 11:00:00,A,HA,Q0000,TOTAL,IT,2020,62933,
ESTAT:ORG_CROPAR(1.0),14/12/23 11:00:00,A,HA,R0000,TOTAL,DE,2017,11164,
ESTAT:ORG_CROPAR(1.0),14/12/23 11:00:00,A,HA,R0000,TOTAL,DE,2018,13480,e
ESTAT:ORG_CROPAR(1.0),14/12/23 11:00:00,A,HA,R0000,TOTAL,DE,2019,14755,e
ESTAT:ORG_CROPAR(1.0),14/12/23 11:00:00,A,HA,R0000,TOTAL,DE,2020,16432,e
ESTAT:ORG_CROPAR(1.0),14/12/23 11:00:00,A,HA,R0000,TOTAL,EL,2017,389,
ESTAT:ORG_CROPAR(1.0),14/12/23 11:00:00,A,HA,R0000,TOTAL,EL,2018,132,
ESTAT:ORG_CROPAR(1.0),14/12/23 11:00:00,A,HA,R0000,TOTAL,EL,2019,222,
ESTAT:ORG_CROPAR(1.0),14/12/23 11:00:00,A,HA,R0000,TOTAL,EL,2020,262,
ESTAT:ORG_CROPAR(1.0),14/12/23 11:00:00,A,HA,R0000,TOTAL,ES,2017,844,
ESTAT:ORG_CROPAR(1.0),14/12/23 11:00:00,A,HA,R0000,TOTAL,ES,2018,1129,
ESTAT:ORG_CROPAR(1.0),14/12/23 11:00:00,A,HA,R0000,TOTAL,ES,2019,1280,
ESTAT:ORG_CROPAR(1.0),14/12/23 11:00:00,A,HA,R0000,TOTAL,ES,2020,1341,
ESTAT:ORG_CROPAR(1.0),14/12/23 11:00:00,A,HA,R0000,TOTAL,FR,2017,3591,
ESTAT:ORG_CROPAR(1.0),14/12/23 11:00:00,A,HA,R0000,TOTAL,FR,2018,4180,
ESTAT:ORG_CROPAR(1.0),14/12/23 11:00:00,A,HA,R0000,TOTAL,FR,2019,5582,
ESTAT:ORG_CROPAR(1.0),14/12/23 11:00:00,A,HA,R0000,TOTAL,FR,2020,7696,e
ESTAT:ORG_CROPAR(1.0),14/12/23 11:00:00,A,HA,R0000,TOTAL,IT,2017,1807,
ESTAT:ORG_CROPAR(1.0),14/12/23 11:00:00,A,HA,R0000,TOTAL,IT,2018,2696,
ESTAT:ORG_CROPAR(1.0),14/12/23 11:00:00,A,HA,R0000,TOTAL,IT,2019,3704,
ESTAT:ORG_CROPAR(1.0),14/12/23 11:00:00,A,HA,R0000,TOTAL,IT,2020,3493,
ESTAT:ORG_CROPAR(1.0),14/12/23 11:00:00,A,HA,R1000,TOTAL,DE,2017,8566,
ESTAT:ORG_CROPAR(1.0),14/12/23 11:00:00,A,HA,R1000,TOTAL,DE,2018,9575,e
ESTAT:ORG_CROPAR(1.0),14/12/23 11:00:00,A,HA,R1000,TOTAL,DE,2019,9895,e
ESTAT:ORG_CROPAR(1.0),14/12/23 11:00:00,A,HA,R1000,TOTAL,DE,2020,11132,e
ESTAT:ORG_CROPAR(1.0),14/12/23 11:00:00,A,HA,R1000,TOTAL,EL,2017,172,
ESTAT:ORG_CROPAR(1.0),14/12/23 11:00:00,A,HA,R1000,TOTAL,EL,2018,124,
ESTAT:ORG_CROPAR(1.0),14/12/23 11:00:00,A,HA,R1000,TOTAL,EL,2019,192,
ESTAT:ORG_CROPAR(1.0),14/12/23 11:00:00,A,HA,R1000,TOTAL,EL,2020,227,
ESTAT:ORG_CROPAR(1.0),14/12/23 11:00:00,A,HA,R1000,TOTAL,ES,2017,594,
ESTAT:ORG_CROPAR(1.0),14/12/23 11:00:00,A,HA,R1000,TOTAL,ES,2018,701,
ESTAT:ORG_CROPAR(1.0),14/12/23 11:00:00,A,HA,R1000,TOTAL,ES,2019,816,
ESTAT:ORG_CROPAR(1.0),14/12/23 11:00:00,A,HA,R1000,TOTAL,ES,2020,858,
ESTAT:ORG_CROPAR(1.0),14/12/23 11:00:00,A,HA,R1000,TOTAL,FR,2017,2910,
ESTAT:ORG_CROPAR(1.0),14/12/23 11:00:00,A,HA,R1000,TOTAL,FR,2018,3220,
ESTAT:ORG_CROPAR(1.0),14/12/23 11:00:00,A,HA,R1000,TOTAL,FR,2019,3981,
ESTAT:ORG_CROPAR(1.0),14/12/23 11:00:00,A,HA,R1000,TOTAL,FR,2020,5145,e
ESTAT:ORG_CROPAR(1.0),14/12/23 11:00:00,A,HA,R1000,TOTAL,IT,2017,1305,
ESTAT:ORG_CROPAR(1.0),14/12/23 11:00:00,A,HA,R1000,TOTAL,IT,2018,1463,
ESTAT:ORG_CROPAR(1.0),14/12/23 11:00:00,A,HA,R1000,TOTAL,IT,2019,1730,
ESTAT:ORG_CROPAR(1.0),14/12/23 11:00:00,A,HA,R1000,TOTAL,IT,2020,1537,
ESTAT:ORG_CROPAR(1.0),14/12/23 11:00:00,A,HA,R2000,TOTAL,DE,2017,2302,
ESTAT:ORG_CROPAR(1.0),14/12/23 11:00:00,A,HA,R2000,TOTAL,DE,2018,3654,e
ESTAT:ORG_CROPAR(1.0),14/12/23 11:00:00,A,HA,R2000,TOTAL,DE,2019,4614,e
ESTAT:ORG_CROPAR(1.0),14/12/23 11:00:00,A,HA,R2000,TOTAL,DE,2020,5070,e
ESTAT:ORG_CROPAR(1.0),14/12/23 11:00:00,A,HA,R2000,TOTAL,EL,2017,68,
ESTAT:ORG_CROPAR(1.0),14/12/23 11:00:00,A,HA,R2000,TOTAL,EL,2018,1,
ESTAT:ORG_CROPAR(1.0),14/12/23 11:00:00,A,HA,R2000,TOTAL,EL,2019,22,
ESTAT:ORG_CROPAR(1.0),14/12/23 11:00:00,A,HA,R2000,TOTAL,EL,2020,19,
ESTAT:ORG_CROPAR(1.0),14/12/23 11:00:00,A,HA,R2000,TOTAL,ES,2017,48,
ESTAT:ORG_CROPAR(1.0),14/12/23 11:00:00,A,HA,R2000,TOTAL,ES,2018,120,
ESTAT:ORG_CROPAR(1.0),14/12/23 11:00:00,A,HA,R2000,TOTAL,ES,2019,89,
ESTAT:ORG_CROPAR(1.0),14/12/23 11:00:00,A,HA,R2000,TOTAL,ES,2020,92,
ESTAT:ORG_CROPAR(1.0),14/12/23 11:00:00,A,HA,R2000,TOTAL,FR,2017,9,
ESTAT:ORG_CROPAR(1.0),14/12/23 11:00:00,A,HA,R2000,TOTAL,FR,2018,98,
ESTAT:ORG_CROPAR(1.0),14/12/23 11:00:00,A,HA,R2000,TOTAL,FR,2019,547,
ESTAT:ORG_CROPAR(1.0),14/12/23 11:00:00,A,HA,R2000,TOTAL,FR,2020,1319,e
ESTAT:ORG_CROPAR(1.0),14/12/23 11:00:00,A,HA,R2000,TOTAL,IT,2017,79,
ESTAT:ORG_CROPAR(1.0),14/12/23 11:00:00,A,HA,R2000,TOTAL,IT,2018,432,
ESTAT:ORG_CROPAR(1.0),14/12/23 11:00:00,A,HA,R2000,TOTAL,IT,2019,1020,
ESTAT:ORG_CROPAR(1.0),14/12/23 11:00:00,A,HA,R2000,TOTAL,IT,2020,1301,
ESTAT:ORG_CROPAR(1.0),14/12/23 11:00:00,A,HA,R9000,TOTAL,DE,2017,296,
ESTAT:ORG_CROPAR(1.0),14/12/23 11:00:00,A,HA,R9000,TOTAL,DE,2018,251,e
ESTAT:ORG_CROPAR(1.0),14/12/23 11:00:00,A,HA,R9000,TOTAL,DE,2019,246,e
ESTAT:ORG_CROPAR(1.0),14/12/23 11:00:00,A,HA,R9000,TOTAL,DE,2020,230,e
ESTAT:ORG_CROPAR(1.0),14/12/23 11:00:00,A,HA,R9000,TOTAL,EL,2017,149,
ESTAT:ORG_CROPAR(1.0),14/12/23 11:00:00,A,HA,R9000,TOTAL,EL,2018,7,
ESTAT:ORG_CROPAR(1.0),14/12/23 11:00:00,A,HA,R9000,TOTAL,EL,2019,8,
ESTAT:ORG_CROPAR(1.0),14/12/23 11:00:00,A,HA,R9000,TOTAL,EL,2020,16,
ESTAT:ORG_CROPAR(1.0),14/12/23 11:00:00,A,HA,R9000,TOTAL,ES,2017,202,
ESTAT:ORG_CROPAR(1.0),14/12/23 11:00:00,A,HA,R9000,TOTAL,ES,2018,308,
ESTAT:ORG_CROPAR(1.0),14/12/23 11:00:00,A,HA,R9000,TOTAL,ES,2019,375,
ESTAT:ORG_CROPAR(1.0),14/12/23 11:00:00,A,HA,R9000,TOTAL,ES,2020,391,
ESTAT:ORG_CROPAR(1.0),14/12/23 11:00:00,A,HA,R9000,TOTAL,FR,2017,671,
ESTAT:ORG_CROPAR(1.0),14/12/23 11:00:00,A,HA,R9000,TOTAL,FR,2018,862,
ESTAT:ORG_CROPAR(1.0),14/12/23 11:00:00,A,HA,R9000,TOTAL,FR,2019,1054,
ESTAT:ORG_CROPAR(1.0),14/12/23 11:00:00,A,HA,R9000,TOTAL,FR,2020,1232,e
ESTAT:ORG_CROPAR(1.0),14/12/23 11:00:00,A,HA,R9000,TOTAL,IT,2017,423,
ESTAT:ORG_CROPAR(1.0),14/12/23 11:00:00,A,HA,R9000,TOTAL,IT,2018,801,
ESTAT:ORG_CROPAR(1.0),14/12/23 11:00:00,A,HA,R9000,TOTAL,IT,2019,954,
ESTAT:ORG_CROPAR(1.0),14/12/23 11:00:00,A,HA,R9000,TOTAL,IT,2020,656,
ESTAT:ORG_CROPAR(1.0),14/12/23 11:00:00,A,HA,S0000,TOTAL,DE,2017,430,
ESTAT:ORG_CROPAR(1.0),14/12/23 11:00:00,A,HA,S0000,TOTAL,DE,2018,543,e
ESTAT:ORG_CROPAR(1.0),14/12/23 11:00:00,A,HA,S0000,TOTAL,DE,2019,505,e
ESTAT:ORG_CROPAR(1.0),14/12/23 11:00:00,A,HA,S0000,TOTAL,DE,2020,447,e
ESTAT:ORG_CROPAR(1.0),14/12/23 11:00:00,A,HA,S0000,TOTAL,EL,2017,37,
ESTAT:ORG_CROPAR(1.0),14/12/23 11:00:00,A,HA,S0000,TOTAL,EL,2018,21,
ESTAT:ORG_CROPAR(1.0),14/12/23 11:00:00,A,HA,S0000,TOTAL,EL,2019,32,
ESTAT:ORG_CROPAR(1.0),14/12/23 11:00:00,A,HA,S0000,TOTAL,EL,2020,35,
ESTAT:ORG_CROPAR(1.0),14/12/23 11:00:00,A,HA,S0000,TOTAL,ES,2017,206,
ESTAT:ORG_CROPAR(1.0),14/12/23 11:00:00,A,HA,S0000,TOTAL,ES,2018,205,
ESTAT:ORG_CROPAR(1.0),14/12/23 11:00:00,A,HA,S0000,TOTAL,ES,2019,212,
ESTAT:ORG_CROPAR(1.0),14/12/23 11:00:00,A,HA,S0000,TOTAL,ES,2020,226,
ESTAT:ORG_CROPAR(1.0),14/12/23 11:00:00,A,HA,S0000,TOTAL,FR,2017,202,
ESTAT:ORG_CROPAR(1.0),14/12/23 11:00:00,A,HA,S0000,TOTAL,FR,2018,237,
ESTAT:ORG_CROPAR(1.0),14/12/23 11:00:00,A,HA,S0000,TOTAL,FR,2019,249,
ESTAT:ORG_CROPAR(1.0),14/12/23 11:00:00,A,HA,S0000,TOTAL,FR,2020,310,e
ESTAT:ORG_CROPAR(1.0),14/12/23 11:00:00,A,HA,S0000,TOTAL,IT,2017,255,
ESTAT:ORG_CROPAR(1.0),14/12/23 11:00:00,A,HA,S0000,TOTAL,IT,2018,316,
ESTAT:ORG_CROPAR(1.0),14/12/23 11:00:00,A,HA,S0000,TOTAL,IT,2019,309,
ESTAT:ORG_CROPAR(1.0),14/12/23 11:00:00,A,HA,S0000,TOTAL,IT,2020,272,
ESTAT:ORG_CROPAR(1.0),14/12/23 11:00:00,A,HA,T0000,TOTAL,DE,2017,0,
ESTAT:ORG_CROPAR(1.0),14/12/23 11:00:00,A,HA,T0000,TOTAL,DE,2018,,n
ESTAT:ORG_CROPAR(1.0),14/12/23 11:00:00,A,HA,T0000,TOTAL,EL,2017,1811,
ESTAT:ORG_CROPAR(1.0),14/12/23 11:00:00,A,HA,T0000,TOTAL,EL,2018,1850,
ESTAT:ORG_CROPAR(1.0),14/12/23 11:00:00,A,HA,T0000,TOTAL,EL,2019,2144,
ESTAT:ORG_CROPAR(1.0),14/12/23 11:00:00,A,HA,T0000,TOTAL,EL,2020,2239,
ESTAT:ORG_CROPAR(1.0),14/12/23 11:00:00,A,HA,T0000,TOTAL,ES,2017,12088,
ESTAT:ORG_CROPAR(1.0),14/12/23 11:00:00,A,HA,T0000,TOTAL,ES,2018,14017,
ESTAT:ORG_CROPAR(1.0),14/12/23 11:00:00,A,HA,T0000,TOTAL,ES,2019,16691,
ESTAT:ORG_CROPAR(1.0),14/12/23 11:00:00,A,HA,T0000,TOTAL,ES,2020,19844,
ESTAT:ORG_CROPAR(1.0),14/12/23 11:00:00,A,HA,T0000,TOTAL,FR,2017,410,
ESTAT:ORG_CROPAR(1.0),14/12/23 11:00:00,A,HA,T0000,TOTAL,FR,2018,463,
ESTAT:ORG_CROPAR(1.0),14/12/23 11:00:00,A,HA,T0000,TOTAL,FR,2019,681,
ESTAT:ORG_CROPAR(1.0),14/12/23 11:00:00,A,HA,T0000,TOTAL,FR,2020,661,e
ESTAT:ORG_CROPAR(1.0),14/12/23 11:00:00,A,HA,T0000,TOTAL,IT,2017,39656,
ESTAT:ORG_CROPAR(1.0),14/12/23 11:00:00,A,HA,T0000,TOTAL,IT,2018,35660,
ESTAT:ORG_CROPAR(1.0),14/12/23 11:00:00,A,HA,T0000,TOTAL,IT,2019,36808,
ESTAT:ORG_CROPAR(1.0),14/12/23 11:00:00,A,HA,T0000,TOTAL,IT,2020,35517,
ESTAT:ORG_CROPAR(1.0),14/12/23 11:00:00,A,HA,U1000,TOTAL,DE,2017,37,
ESTAT:ORG_CROPAR(1.0),14/12/23 11:00:00,A,HA,U1000,TOTAL,DE,2018,49,
ESTAT:ORG_CROPAR(1.0),14/12/23 11:00:00,A,HA,U1000,TOTAL,DE,2019,49,
ESTAT:ORG_CROPAR(1.0),14/12/23 11:00:00,A,HA,U1000,TOTAL,DE,2020,58,
ESTAT:ORG_CROPAR(1.0),14/12/23 11:00:00,A,HA,U1000,TOTAL,EL,2017,6,
ESTAT:ORG_CROPAR(1.0),14/12/23 11:00:00,A,HA,U1000,TOTAL,EL,2018,7,
ESTAT:ORG_CROPAR(1.0),14/12/23 11:00:00,A,HA,U1000,TOTAL,EL,2019,8,
ESTAT:ORG_CROPAR(1.0),14/12/23 11:00:00,A,HA,U1000,TOTAL,EL,2020,13,
ESTAT:ORG_CROPAR(1.0),14/12/23 11:00:00,A,HA,U1000,TOTAL,ES,2017,24,
ESTAT:ORG_CROPAR(1.0),14/12/23 11:00:00,A,HA,U1000,TOTAL,ES,2018,26,
ESTAT:ORG_CROPAR(1.0),14/12/23 11:00:00,A,HA,U1000,TOTAL,ES,2019,29,
ESTAT:ORG_CROPAR(1.0),14/12/23 11:00:00,A,HA,U1000,TOTAL,ES,2020,32,
ESTAT:ORG_CROPAR(1.0),14/12/23 11:00:00,A,HA,U1000,TOTAL,FR,2017,986,
ESTAT:ORG_CROPAR(1.0),14/12/23 11:00:00,A,HA,U1000,TOTAL,FR,2018,1006,
ESTAT:ORG_CROPAR(1.0),14/12/23 11:00:00,A,HA,U1000,TOTAL,FR,2019,1106,
ESTAT:ORG_CROPAR(1.0),14/12/23 11:00:00,A,HA,U1000,TOTAL,FR,2020,717,e
ESTAT:ORG_CROPAR(1.0),14/12/23 11:00:00,A,HA,U1000,TOTAL,IT,2017,84,
ESTAT:ORG_CROPAR(1.0),14/12/23 11:00:00,A,HA,U1000,TOTAL,IT,2018,107,
ESTAT:ORG_CROPAR(1.0),14/12/23 11:00:00,A,HA,U1000,TOTAL,IT,2019,11,
ESTAT:ORG_CROPAR(1.0),14/12/23 11:00:00,A,HA,U1000,TOTAL,IT,2020,16,
ESTAT:ORG_CROPAR(1.0),14/12/23 11:00:00,A,HA,UAAXK0000,TOTAL,DE,2017,1138272,
ESTAT:ORG_CROPAR(1.0),14/12/23 11:00:00,A,HA,UAAXK0000,TOTAL,DE,2018,1221303,e
ESTAT:ORG_CROPAR(1.0),14/12/23 11:00:00,A,HA,UAAXK0000,TOTAL,DE,2019,1290839,e
ESTAT:ORG_CROPAR(1.0),14/12/23 11:00:00,A,HA,UAAXK0000,TOTAL,DE,2020,1590962,e
ESTAT:ORG_CROPAR(1.0),14/12/23 11:00:00,A,HA,UAAXK0000,TOTAL,EL,2017,410140,
ESTAT:ORG_CROPAR(1.0),14/12/23 11:00:00,A,HA,UAAXK0000,TOTAL,EL,2018,492627,
ESTAT:ORG_CROPAR(1.0),14/12/23 11:00:00,A,HA,UAAXK0000,TOTAL,EL,2019,528752,
ESTAT:ORG_CROPAR(1.0),14/12/23 11:00:00,A,HA,UAAXK0000,TOTAL,EL,2020,534629,
ESTAT:ORG_CROPAR(1.0),14/12/23 11:00:00,A,HA,UAAXK0000,TOTAL,ES,2017,2082173,
ESTAT:ORG_CROPAR(1.0),14/12/23 11:00:00,A,HA,UAAXK0000,TOTAL,ES,2018,2246475,
ESTAT:ORG_CROPAR(1.0),14/12/23 11:00:00,A,HA,UAAXK0000,TOTAL,ES,2019,2354916,
ESTAT:ORG_CROPAR(1.0),14/12/23 11:00:00,A,HA,UAAXK0000,TOTAL,ES,2020,2437891,
ESTAT:ORG_CROPAR(1.0),14/12/23 11:00:00,A,HA,UAAXK0000,TOTAL,FR,2017,1744420,
ESTAT:ORG_CROPAR(1.0),14/12/23 11:00:00,A,HA,UAAXK0000,TOTAL,FR,2018,2034115,
ESTAT:ORG_CROPAR(1.0),14/12/23 11:00:00,A,HA,UAAXK0000,TOTAL,FR,2019,2240797,
ESTAT:ORG_CROPAR(1.0),14/12/23 11:00:00,A,HA,UAAXK0000,TOTAL,FR,2020,2517478,e
ESTAT:ORG_CROPAR(1.0),14/12/23 11:00:00,A,HA,UAAXK0000,TOTAL,IT,2017,1908570,
ESTAT:ORG_CROPAR(1.0),14/12/23 11:00:00,A,HA,UAAXK0000,TOTAL,IT,2018,1957937,
ESTAT:ORG_CROPAR(1.0),14/12/23 11:00:00,A,HA,UAAXK0000,TOTAL,IT,2019,1993225,
ESTAT:ORG_CROPAR(1.0),14/12/23 11:00:00,A,HA,UAAXK0000,TOTAL,IT,2020,2094592,
ESTAT:ORG_CROPAR(1.0),14/12/23 11:00:00,A,HA,V0000,TOTAL,DE,2017,14010,
ESTAT:ORG_CROPAR(1.0),14/12/23 11:00:00,A,HA,V0000,TOTAL,DE,2018,14295,e
ESTAT:ORG_CROPAR(1.0),14/12/23 11:00:00,A,HA,V0000,TOTAL,DE,2019,14778,e
ESTAT:ORG_CROPAR(1.0),14/12/23 11:00:00,A,HA,V0000,TOTAL,DE,2020,16379,e
ESTAT:ORG_CROPAR(1.0),14/12/23 11:00:00,A,HA,V0000,TOTAL,EL,2017,1487,
ESTAT:ORG_CROPAR(1.0),14/12/23 11:00:00,A,HA,V0000,TOTAL,EL,2018,1870,
ESTAT:ORG_CROPAR(1.0),14/12/23 11:00:00,A,HA,V0000,TOTAL,EL,2019,2353,
ESTAT:ORG_CROPAR(1.0),14/12/23 11:00:00,A,HA,V0000,TOTAL,EL,2020,2878,
ESTAT:ORG_CROPAR(1.0),14/12/23 11:00:00,A,HA,V0000,TOTAL,ES,2017,20331,
ESTAT:ORG_CROPAR(1.0),14/12/23 11:00:00,A,HA,V0000,TOTAL,ES,2018,22105,
ESTAT:ORG_CROPAR(1.0),14/12/23 11:00:00,A,HA,V0000,TOTAL,ES,2019,22022,
ESTAT:ORG_CROPAR(1.0),14/12/23 11:00:00,A,HA,V0000,TOTAL,ES,2020,22254,
ESTAT:ORG_CROPAR(1.0),14/12/23 11:00:00,A,HA,V0000,TOTAL,FR,2017,20866,
ESTAT:ORG_CROPAR(1.0),14/12/23 11:00:00,A,HA,V0000,TOTAL,FR,2018,26363,
ESTAT:ORG_CROPAR(1.0),14/12/23 11:00:00,A,HA,V0000,TOTAL,FR,2019,30690,
ESTAT:ORG_CROPAR(1.0),14/12/23 11:00:00,A,HA,V0000,TOTAL,FR,2020,36305,e
ESTAT:ORG_CROPAR(1.0),14/12/23 11:00:00,A,HA,V0000,TOTAL,IT,2017,54718,
ESTAT:ORG_CROPAR(1.0),14/12/23 11:00:00,A,HA,V0000,TOTAL,IT,2018,60732,
ESTAT:ORG_CROPAR(1.0),14/12/23 11:00:00,A,HA,V0000,TOTAL,IT,2019,64762,
ESTAT:ORG_CROPAR(1.0),14/12/23 11:00:00,A,HA,V0000,TOTAL,IT,2020,68782,
ESTAT:ORG_CROPAR(1.0),14/12/23 11:00:00,A,HA,V0000_S0000,TOTAL,DE,2017,14440,
ESTAT:ORG_CROPAR(1.0),14/12/23 11:00:00,A,HA,V0000_S0000,TOTAL,DE,2018,14838,
ESTAT:ORG_CROPAR(1.0),14/12/23 11:00:00,A,HA,V0000_S0000,TOTAL,DE,2019,15283,
ESTAT:ORG_CROPAR(1.0),14/12/23 11:00:00,A,HA,V0000_S0000,TOTAL,DE,2020,16826,
ESTAT:ORG_CROPAR(1.0),14/12/23 11:00:00,A,HA,V0000_S0000,TOTAL,EL,2017,1524,
ESTAT:ORG_CROPAR(1.0),14/12/23 11:00:00,A,HA,V0000_S0000,TOTAL,EL,2018,1891,
ESTAT:ORG_CROPAR(1.0),14/12/23 11:00:00,A,HA,V0000_S0000,TOTAL,EL,2019,2385,
ESTAT:ORG_CROPAR(1.0),14/12/23 11:00:00,A,HA,V0000_S0000,TOTAL,EL,2020,2913,
ESTAT:ORG_CROPAR(1.0),14/12/23 11:00:00,A,HA,V0000_S0000,TOTAL,ES,2017,20538,
ESTAT:ORG_CROPAR(1.0),14/12/23 11:00:00,A,HA,V0000_S0000,TOTAL,ES,2018,22311,
ESTAT:ORG_CROPAR(1.0),14/12/23 11:00:00,A,HA,V0000_S0000,TOTAL,ES,2019,22235,
ESTAT:ORG_CROPAR(1.0),14/12/23 11:00:00,A,HA,V0000_S0000,TOTAL,ES,2020,22480,
ESTAT:ORG_CROPAR(1.0),14/12/23 11:00:00,A,HA,V0000_S0000,TOTAL,FR,2017,21068,
ESTAT:ORG_CROPAR(1.0),14/12/23 11:00:00,A,HA,V0000_S0000,TOTAL,FR,2018,26600,
ESTAT:ORG_CROPAR(1.0),14/12/23 11:00:00,A,HA,V0000_S0000,TOTAL,FR,2019,30939,
ESTAT:ORG_CROPAR(1.0),14/12/23 11:00:00,A,HA,V0000_S0000,TOTAL,FR,2020,36614,e
ESTAT:ORG_CROPAR(1.0),14/12/23 11:00:00,A,HA,V0000_S0000,TOTAL,IT,2017,54972,
ESTAT:ORG_CROPAR(1.0),14/12/23 11:00:00,A,HA,V0000_S0000,TOTAL,IT,2018,61048,
ESTAT:ORG_CROPAR(1.0),14/12/23 11:00:00,A,HA,V0000_S0000,TOTAL,IT,2019,65071,
ESTAT:ORG_CROPAR(1.0),14/12/23 11:00:00,A,HA,V0000_S0000,TOTAL,IT,2020,69053,
ESTAT:ORG_CROPAR(1.0),14/12/23 11:00:00,A,HA,V1000,TOTAL,DE,2017,1645,
ESTAT:ORG_CROPAR(1.0),14/12/23 11:00:00,A,HA,V1000,TOTAL,DE,2018,1602,e
ESTAT:ORG_CROPAR(1.0),14/12/23 11:00:00,A,HA,V1000,TOTAL,DE,2019,1599,e
ESTAT:ORG_CROPAR(1.0),14/12/23 11:00:00,A,HA,V1000,TOTAL,DE,2020,1623,e
ESTAT:ORG_CROPAR(1.0),14/12/23 11:00:00,A,HA,V1000,TOTAL,EL,2017,149,
ESTAT:ORG_CROPAR(1.0),14/12/23 11:00:00,A,HA,V1000,TOTAL,EL,2018,136,
ESTAT:ORG_CROPAR(1.0),14/12/23 11:00:00,A,HA,V1000,TOTAL,EL,2019,192,
ESTAT:ORG_CROPAR(1.0),14/12/23 11:00:00,A,HA,V1000,TOTAL,EL,2020,225,
ESTAT:ORG_CROPAR(1.0),14/12/23 11:00:00,A,HA,V1000,TOTAL,ES,2017,2360,
ESTAT:ORG_CROPAR(1.0),14/12/23 11:00:00,A,HA,V1000,TOTAL,ES,2018,2896,
ESTAT:ORG_CROPAR(1.0),14/12/23 11:00:00,A,HA,V1000,TOTAL,ES,2019,3342,
ESTAT:ORG_CROPAR(1.0),14/12/23 11:00:00,A,HA,V1000,TOTAL,ES,2020,3190,
ESTAT:ORG_CROPAR(1.0),14/12/23 11:00:00,A,HA,V1000,TOTAL,IT,2017,6276,
ESTAT:ORG_CROPAR(1.0),14/12/23 11:00:00,A,HA,V1000,TOTAL,IT,2018,6566,
ESTAT:ORG_CROPAR(1.0),14/12/23 11:00:00,A,HA,V1000,TOTAL,IT,2019,6741,
ESTAT:ORG_CROPAR(1.0),14/12/23 11:00:00,A,HA,V1000,TOTAL,IT,2020,7323,
ESTAT:ORG_CROPAR(1.0),14/12/23 11:00:00,A,HA,V2000,TOTAL,DE,2017,3636,
ESTAT:ORG_CROPAR(1.0),14/12/23 11:00:00,A,HA,V2000,TOTAL,DE,2018,3793,e
ESTAT:ORG_CROPAR(1.0),14/12/23 11:00:00,A,HA,V2000,TOTAL,DE,2019,3580,e
ESTAT:ORG_CROPAR(1.0),14/12/23 11:00:00,A,HA,V2000,TOTAL,DE,2020,3854,e
ESTAT:ORG_CROPAR(1.0),14/12/23 11:00:00,A,HA,V2000,TOTAL,EL,2017,506,
ESTAT:ORG_CROPAR(1.0),14/12/23 11:00:00,A,HA,V2000,TOTAL,EL,2018,343,
ESTAT:ORG_CROPAR(1.0),14/12/23 11:00:00,A,HA,V2000,TOTAL,EL,2019,553,
ESTAT:ORG_CROPAR(1.0),14/12/23 11:00:00,A,HA,V2000,TOTAL,EL,2020,661,
ESTAT:ORG_CROPAR(1.0),14/12/23 11:00:00,A,HA,V2000,TOTAL,ES,2017,2929,
ESTAT:ORG_CROPAR(1.0),14/12/23 11:00:00,A,HA,V2000,TOTAL,ES,2018,3513,
ESTAT:ORG_CROPAR(1.0),14/12/23 11:00:00,A,HA,V2000,TOTAL,ES,2019,3855,
ESTAT:ORG_CROPAR(1.0),14/12/23 11:00:00,A,HA,V2000,TOTAL,ES,2020,3479,
ESTAT:ORG_CROPAR(1.0),14/12/23 11:00:00,A,HA,V2000,TOTAL,IT,2017,8814,
ESTAT:ORG_CROPAR(1.0),14/12/23 11:00:00,A,HA,V2000,TOTAL,IT,2018,11084,
ESTAT:ORG_CROPAR(1.0),14/12/23 11:00:00,A,HA,V2000,TOTAL,IT,2019,10551,
ESTAT:ORG_CROPAR(1.0),14/12/23 11:00:00,A,HA,V2000,TOTAL,IT,2020,12171,
ESTAT:ORG_CROPAR(1.0),14/12/23 11:00:00,A,HA,V3000,TOTAL,DE,2017,1831,
ESTAT:ORG_CROPAR(1.0),14/12/23 11:00:00,A,HA,V3000,TOTAL,DE,2018,1822,e
ESTAT:ORG_CROPAR(1.0),14/12/23 11:00:00,A,HA,V3000,TOTAL,DE,2019,2076,e
ESTAT:ORG_CROPAR(1.0),14/12/23 11:00:00,A,HA,V3000,TOTAL,DE,2020,2373,e
ESTAT:ORG_CROPAR(1.0),14/12/23 11:00:00,A,HA,V3000,TOTAL,EL,2017,348,
ESTAT:ORG_CROPAR(1.0),14/12/23 11:00:00,A,HA,V3000,TOTAL,EL,2018,654,
ESTAT:ORG_CROPAR(1.0),14/12/23 11:00:00,A,HA,V3000,TOTAL,EL,2019,624,
ESTAT:ORG_CROPAR(1.0),14/12/23 11:00:00,A,HA,V3000,TOTAL,EL,2020,731,
ESTAT:ORG_CROPAR(1.0),14/12/23 11:00:00,A,HA,V3000,TOTAL,ES,2017,5676,
ESTAT:ORG_CROPAR(1.0),14/12/23 11:00:00,A,HA,V3000,TOTAL,ES,2018,7152,
ESTAT:ORG_CROPAR(1.0),14/12/23 11:00:00,A,HA,V3000,TOTAL,ES,2019,7529,
ESTAT:ORG_CROPAR(1.0),14/12/23 11:00:00,A,HA,V3000,TOTAL,ES,2020,8162,
ESTAT:ORG_CROPAR(1.0),14/12/23 11:00:00,A,HA,V3000,TOTAL,IT,2017,10144,
ESTAT:ORG_CROPAR(1.0),14/12/23 11:00:00,A,HA,V3000,TOTAL,IT,2018,11278,
ESTAT:ORG_CROPAR(1.0),14/12/23 11:00:00,A,HA,V3000,TOTAL,IT,2019,12833,
ESTAT:ORG_CROPAR(1.0),14/12/23 11:00:00,A,HA,V3000,TOTAL,IT,2020,12589,
ESTAT:ORG_CROPAR(1.0),14/12/23 11:00:00,A,HA,V4000,TOTAL,DE,2017,4164,
ESTAT:ORG_CROPAR(1.0),14/12/23 11:00:00,A,HA,V4000,TOTAL,DE,2018,4204,e
ESTAT:ORG_CROPAR(1.0),14/12/23 11:00:00,A,HA,V4000,TOTAL,DE,2019,4550,e
ESTAT:ORG_CROPAR(1.0),14/12/23 11:00:00,A,HA,V4000,TOTAL,DE,2020,5393,e
ESTAT:ORG_CROPAR(1.0),14/12/23 11:00:00,A,HA,V4000,TOTAL,EL,2017,155,
ESTAT:ORG_CROPAR(1.0),14/12/23 11:00:00,A,HA,V4000,TOTAL,EL,2018,206,
ESTAT:ORG_CROPAR(1.0),14/12/23 11:00:00,A,HA,V4000,TOTAL,EL,2019,267,
ESTAT:ORG_CROPAR(1.0),14/12/23 11:00:00,A,HA,V4000,TOTAL,EL,2020,204,
ESTAT:ORG_CROPAR(1.0),14/12/23 11:00:00,A,HA,V4000,TOTAL,ES,2017,1756,
ESTAT:ORG_CROPAR(1.0),14/12/23 11:00:00,A,HA,V4000,TOTAL,ES,2018,2594,
ESTAT:ORG_CROPAR(1.0),14/12/23 11:00:00,A,HA,V4000,TOTAL,ES,2019,2801,
ESTAT:ORG_CROPAR(1.0),14/12/23 11:00:00,A,HA,V4000,TOTAL,ES,2020,2774,
ESTAT:ORG_CROPAR(1.0),14/12/23 11:00:00,A,HA,V4000,TOTAL,IT,2017,2163,
ESTAT:ORG_CROPAR(1.0),14/12/23 11:00:00,A,HA,V4000,TOTAL,IT,2018,2729,
ESTAT:ORG_CROPAR(1.0),14/12/23 11:00:00,A,HA,V4000,TOTAL,IT,2019,2840,
ESTAT:ORG_CROPAR(1.0),14/12/23 11:00:00,A,HA,V4000,TOTAL,IT,2020,2492,
ESTAT:ORG_CROPAR(1.0),14/12/23 11:00:00,A,HA,V5000,TOTAL,DE,2017,2022,
ESTAT:ORG_CROPAR(1.0),14/12/23 11:00:00,A,HA,V5000,TOTAL,DE,2018,2107,e
ESTAT:ORG_CROPAR(1.0),14/12/23 11:00:00,A,HA,V5000,TOTAL,DE,2019,2158,e
ESTAT:ORG_CROPAR(1.0),14/12/23 11:00:00,A,HA,V5000,TOTAL,DE,2020,2153,e
ESTAT:ORG_CROPAR(1.0),14/12/23 11:00:00,A,HA,V5000,TOTAL,EL,2017,289,
ESTAT:ORG_CROPAR(1.0),14/12/23 11:00:00,A,HA,V5000,TOTAL,EL,2018,507,
ESTAT:ORG_CROPAR(1.0),14/12/23 11:00:00,A,HA,V5000,TOTAL,EL,2019,620,
ESTAT:ORG_CROPAR(1.0),14/12/23 11:00:00,A,HA,V5000,TOTAL,EL,2020,856,
ESTAT:ORG_CROPAR(1.0),14/12/23 11:00:00,A,HA,V5000,TOTAL,ES,2017,5470,
ESTAT:ORG_CROPAR(1.0),14/12/23 11:00:00,A,HA,V5000,TOTAL,ES,2018,5356,
ESTAT:ORG_CROPAR(1.0),14/12/23 11:00:00,A,HA,V5000,TOTAL,ES,2019,3834,
ESTAT:ORG_CROPAR(1.0),14/12/23 11:00:00,A,HA,V5000,TOTAL,ES,2020,3670,
ESTAT:ORG_CROPAR(1.0),14/12/23 11:00:00,A,HA,V5000,TOTAL,IT,2017,22006,
ESTAT:ORG_CROPAR(1.0),14/12/23 11:00:00,A,HA,V5000,TOTAL,IT,2018,23551,
ESTAT:ORG_CROPAR(1.0),14/12/23 11:00:00,A,HA,V5000,TOTAL,IT,2019,26594,
ESTAT:ORG_CROPAR(1.0),14/12/23 11:00:00,A,HA,V5000,TOTAL,IT,2020,29155,
ESTAT:ORG_CROPAR(1.0),14/12/23 11:00:00,A,HA,V9000,TOTAL,DE,2017,712,
ESTAT:ORG_CROPAR(1.0),14/12/23 11:00:00,A,HA,V9000,TOTAL,DE,2018,767,e
ESTAT:ORG_CROPAR(1.0),14/12/23 11:00:00,A,HA,V9000,TOTAL,DE,2019,815,e
ESTAT:ORG_CROPAR(1.0),14/12/23 11:00:00,A,HA,V9000,TOTAL,DE,2020,983,e
ESTAT:ORG_CROPAR(1.0),14/12/23 11:00:00,A,HA,V9000,TOTAL,EL,2017,40,
ESTAT:ORG_CROPAR(1.0),14/12/23 11:00:00,A,HA,V9000,TOTAL,EL,2018,25,
ESTAT:ORG_CROPAR(1.0),14/12/23 11:00:00,A,HA,V9000,TOTAL,EL,2019,97,
ESTAT:ORG_CROPAR(1.0),14/12/23 11:00:00,A,HA,V9000,TOTAL,EL,2020,203,
ESTAT:ORG_CROPAR(1.0),14/12/23 11:00:00,A,HA,V9000,TOTAL,ES,2017,2139,
ESTAT:ORG_CROPAR(1.0),14/12/23 11:00:00,A,HA,V9000,TOTAL,ES,2018,595,
ESTAT:ORG_CROPAR(1.0),14/12/23 11:00:00,A,HA,V9000,TOTAL,ES,2019,661,
ESTAT:ORG_CROPAR(1.0),14/12/23 11:00:00,A,HA,V9000,TOTAL,ES,2020,980,
ESTAT:ORG_CROPAR(1.0),14/12/23 11:00:00,A,HA,V9000,TOTAL,IT,2017,5316,
ESTAT:ORG_CROPAR(1.0),14/12/23 11:00:00,A,HA,V9000,TOTAL,IT,2018,5523,
ESTAT:ORG_CROPAR(1.0),14/12/23 11:00:00,A,HA,V9000,TOTAL,IT,2019,5203,
ESTAT:ORG_CROPAR(1.0),14/12/23 11:00:00,A,HA,V9000,TOTAL,IT,2020,5052,
ESTAT:ORG_CROPAR(1.0),14/12/23 11:00:00,A,HA,W1000,TOTAL,DE,2017,7201,
ESTAT:ORG_CROPAR(1.0),14/12/23 11:00:00,A,HA,W1000,TOTAL,DE,2018,7860,e
ESTAT:ORG_CROPAR(1.0),14/12/23 11:00:00,A,HA,W1000,TOTAL,DE,2019,8309,e
ESTAT:ORG_CROPAR(1.0),14/12/23 11:00:00,A,HA,W1000,TOTAL,DE,2020,9579,e
ESTAT:ORG_CROPAR(1.0),14/12/23 11:00:00,A,HA,W1000,TOTAL,EL,2017,4424,
ESTAT:ORG_CROPAR(1.0),14/12/23 11:00:00,A,HA,W1000,TOTAL,EL,2018,4564,
ESTAT:ORG_CROPAR(1.0),14/12/23 11:00:00,A,HA,W1000,TOTAL,EL,2019,5488,
ESTAT:ORG_CROPAR(1.0),14/12/23 11:00:00,A,HA,W1000,TOTAL,EL,2020,4881,
ESTAT:ORG_CROPAR(1.0),14/12/23 11:00:00,A,HA,W1000,TOTAL,ES,2017,106897,
ESTAT:ORG_CROPAR(1.0),14/12/23 11:00:00,A,HA,W1000,TOTAL,ES,2018,113419,
ESTAT:ORG_CROPAR(1.0),14/12/23 11:00:00,A,HA,W1000,TOTAL,ES,2019,121279,
ESTAT:ORG_CROPAR(1.0),14/12/23 11:00:00,A,HA,W1000,TOTAL,ES,2020,131183,
ESTAT:ORG_CROPAR(1.0),14/12/23 11:00:00,A,HA,W1000,TOTAL,FR,2017,78502,
ESTAT:ORG_CROPAR(1.0),14/12/23 11:00:00,A,HA,W1000,TOTAL,FR,2018,94020,
ESTAT:ORG_CROPAR(1.0),14/12/23 11:00:00,A,HA,W1000,TOTAL,FR,2019,112057,
ESTAT:ORG_CROPAR(1.0),14/12/23 11:00:00,A,HA,W1000,TOTAL,FR,2020,136431,e
ESTAT:ORG_CROPAR(1.0),14/12/23 11:00:00,A,HA,W1000,TOTAL,IT,2017,105384,
ESTAT:ORG_CROPAR(1.0),14/12/23 11:00:00,A,HA,W1000,TOTAL,IT,2018,106447,
ESTAT:ORG_CROPAR(1.0),14/12/23 11:00:00,A,HA,W1000,TOTAL,IT,2019,109423,
ESTAT:ORG_CROPAR(1.0),14/12/23 11:00:00,A,HA,W1000,TOTAL,IT,2020,117378,